dataset,backend,snapshot,architecture_id,entanglement,reps,twoq_count,logical_depth,probability_mae,probability_mae_seed_sd,probability_rmse,delta_logloss,delta_brier,delta_auc,delta_bacc,rotations,N2Q,Depth,E2Q,OLD,CARE,oneq,readout,relax,dephase
breast_cancer,ibm_fez,0,A000,full_chain,1,3,4,0.021352348974665387,0.00012280873949280214,0.022681568564620874,0.016135976602389763,0.001761928130082131,0.0,0.0,ry,3.0,4.0,0.018218662768356427,0.06371821292605209,0.05988191340041049,0.012846211328114024,0.016616789502093072,0.007672599051283221,0.004527650750563749
breast_cancer,ibm_fez,0,A003,full_chain,4,12,13,0.03908192057985908,0.002666182403452725,0.04180754017285825,0.03974707711489564,0.008570685104045997,0.0,0.0,ry,12.0,13.0,0.07287465107342571,0.1734667316212897,0.16107365227373116,0.03211552832028506,0.016616789502093072,0.024786158695117078,0.01468052468281023
breast_cancer,ibm_fez,0,A013,right_ladder,2,4,7,0.017481393081525937,0.0009215607464464439,0.018575643859172212,0.015019360434687453,0.0022914707704156843,0.0,0.0,ry,4.0,7.0,0.01022577222965498,0.06655378904786732,0.06171524618366427,0.019269316992171034,0.016616789502093072,0.009677085728406096,0.00592628173133909
breast_cancer,ibm_fez,0,A015,right_ladder,4,8,13,0.02033292751755826,0.0033677831456571327,0.022000475890925478,0.016862481749030673,0.0028555679744886133,0.0,0.0,ry,8.0,13.0,0.02045154445930996,0.10597220473476174,0.09727915859135827,0.03211552832028506,0.016616789502093072,0.01738609228680692,0.01070920402286326
breast_cancer,ibm_fez,0,A018,full_chain,3,9,13,0.02933218158455354,0.0011816167294348122,0.031907521072256056,0.029619693459113656,0.00732965496386441,0.0,0.0,rx+rz,9.0,13.0,0.054655988305069285,0.1368838920562105,0.12734307264929093,0.025692422656228047,0.016616789502093072,0.019081638813839126,0.011296233372061402
breast_cancer,ibm_fez,0,A020,outer_pairs,1,2,4,0.01703549986320385,0.00015044056582996942,0.018871514400368116,0.016914328978823983,0.004040632458098423,0.0,0.0,rx+rz,2.0,4.0,0.015231770392419753,0.058687655054938184,0.05532551980617918,0.012846211328114024,0.016616789502093072,0.00672427049751801,0.003906478086034323
breast_cancer,ibm_fez,0,A022,outer_pairs,3,6,10,0.027564478287245956,0.0013595237788279165,0.030242862419191375,0.028883588709021985,0.007840714485845732,0.0,0.0,rx+rz,6.0,10.0,0.04569531117725926,0.12179221844286872,0.11367389186659699,0.025692422656228047,0.016616789502093072,0.016236653152543492,0.009432715378473122
breast_cancer,ibm_fez,0,A025,left_ladder,2,4,9,0.023165449508194557,0.00024690540733511145,0.025404945891211204,0.023600923968819316,0.00579697932685994,0.0,0.004065040650406471,rx+rz,4.0,9.0,0.03218533805893122,0.09198092026422441,0.08623045635337376,0.019269316992171034,0.016616789502093072,0.011500927821701316,0.00665808397847711
breast_cancer,ibm_fez,0,A037,outer_pairs,2,4,7,0.0247144726148819,0.004252083475186772,0.026921556913178477,0.022807442519659642,0.004638978694981852,0.0,-0.007246376811594198,ry+rz,4.0,7.0,0.030463540784839507,0.09023993674890346,0.08449970583638808,0.019269316992171034,0.016616789502093072,0.01148046182503075,0.006669596732253721
breast_cancer,ibm_fez,0,A040,left_ladder,1,2,5,0.018374419836652486,0.0017154661883622053,0.01993207250858083,0.017521534780389203,0.003664068147484665,0.0,0.0,ry+rz,2.0,5.0,0.01609266902946561,0.059558146812598654,0.05619089506467201,0.012846211328114024,0.016616789502093072,0.006734503495853293,0.0039007217091460164
breast_cancer,ibm_fez,0,A042,left_ladder,3,6,13,0.034728171651879795,0.0011234332676400079,0.037023120031592145,0.02885504518030657,0.004517473432564871,0.0,0.0,ry+rz,6.0,13.0,0.048278007088396836,0.12440369371585017,0.1162700176420755,0.025692422656228047,0.016616789502093072,0.01626735214754934,0.009415446247808202
breast_cancer,ibm_fez,0,A045,right_ladder,2,4,9,0.01844005525079451,0.00044011660148598846,0.019728061084338187,0.01165117401418205,0.0008595600342430343,0.0,0.0,ry+rz,4.0,9.0,0.01022577222965498,0.06655378904786732,0.06171524618366427,0.019269316992171034,0.016616789502093072,0.009677085728406096,0.00592628173133909
breast_cancer,ibm_fez,0,A047,right_ladder,4,8,17,0.018127648464747417,0.0031033992402220525,0.02003470732896059,0.016253971575081776,0.0036780697067052746,0.0,0.0,ry+rz,8.0,17.0,0.02045154445930996,0.10597220473476174,0.09727915859135827,0.03211552832028506,0.016616789502093072,0.01738609228680692,0.01070920402286326
breast_cancer,ibm_fez,0,A058,left_ladder,3,6,16,0.027792290975704754,0.005256595926854937,0.032022857586033085,0.022142474379254595,0.005968058935251115,0.0,0.008130081300812978,rx+ry+rz,6.0,16.0,0.048278007088396836,0.15595944529248967,0.1448736504637071,0.044961739648399085,0.016616789502093072,0.022171589657565154,0.012845524567252976
breast_cancer,ibm_fez,0,A059,left_ladder,4,8,21,0.045466882843082625,0.002261097071347122,0.04860334180641342,0.04696111775939732,0.011097016977295324,0.0003534817956874677,0.0,rx+ry+rz,8.0,21.0,0.06437067611786244,0.1989008026029953,0.18444775602628605,0.05780795097651311,0.016616789502093072,0.02890609315341845,0.01674624627639899
breast_cancer,ibm_fez,0,A063,right_ladder,4,8,21,0.02599448420021222,0.00444632833424656,0.028265009014267314,0.0241503639955656,0.0053397964372964984,0.0,0.0,rx+ry+rz,8.0,21.0,0.02045154445930996,0.1480465401702811,0.1354173356868671,0.05780795097651311,0.016616789502093072,0.025258408966828006,0.015282641782122953
breast_cancer,ibm_fez,2,A000,full_chain,1,3,4,0.01946879878365462,0.0001151040458894021,0.020697344502847482,0.014612902726469035,0.0015395944571139492,0.0,0.0,ry,3.0,4.0,0.01759325796063772,0.06059128376263195,0.05673120733661436,0.012948502319390447,0.013889965799580422,0.007720152852035193,0.004579328404970578
breast_cancer,ibm_fez,2,A003,full_chain,4,12,13,0.03768226851611207,0.0025881431465665976,0.04031190764540101,0.03824034994012401,0.008190573972169482,0.0,0.0,ry,12.0,13.0,0.07037303184255086,0.16859740374925425,0.15617070242603323,0.03237125579847612,0.013889965799580422,0.02485340264644209,0.014683046338983728
breast_cancer,ibm_fez,2,A013,right_ladder,2,4,7,0.015421599516398822,0.0008103366662331257,0.016391605982822965,0.013180079298461211,0.0019714421474338654,0.0,0.0,ry,4.0,7.0,0.008058799669479094,0.06172145501416043,0.056846059830420084,0.01942275347908567,0.013889965799580422,0.009750790367480697,0.0057237505147942035
breast_cancer,ibm_fez,2,A015,right_ladder,4,8,13,0.018245070161375877,0.0030568634911884306,0.019745214637270022,0.015056771784872339,0.002511450307354668,0.0,0.0,ry,8.0,13.0,0.016117599338958188,0.0988536662612297,0.09010741068736544,0.03237125579847612,0.013889965799580422,0.017492511147728502,0.010236078602622213
breast_cancer,ibm_fez,2,A018,full_chain,3,9,13,0.027941509838671403,0.0011382531024878976,0.03037326483859773,0.028180271763548165,0.006949953586662727,0.0,0.0,rx+rz,9.0,13.0,0.05277977388191315,0.1325953637537135,0.1230242040628936,0.025897004638780894,0.013889965799580422,0.01914231938163979,0.011315140360979343
breast_cancer,ibm_fez,2,A020,outer_pairs,1,2,4,0.015507150246471424,0.00013635544315179383,0.01716116011537397,0.01539837238474051,0.003670341197353886,0.0,0.0,rx+rz,2.0,4.0,0.015449077393963246,0.056723053772970544,0.053290893228114346,0.012948502319390447,0.013889965799580422,0.006864321089712398,0.004139026625467836
breast_cancer,ibm_fez,2,A022,outer_pairs,3,6,10,0.026252465665008783,0.0013040685982967997,0.02877343490221243,0.027488292268213383,0.007446452582566099,0.0,0.0,rx+rz,6.0,10.0,0.046347232181889735,0.12099067378472927,0.11270326173739356,0.025897004638780894,0.013889965799580422,0.0165748240946714,0.009994235022471118
breast_cancer,ibm_fez,2,A025,left_ladder,2,4,9,0.021706718411569962,0.00023945961679340604,0.023782980663042106,0.022104449100333063,0.005415446206924103,0.0,0.004065040650406471,rx+rz,4.0,9.0,0.03141607738514529,0.08859612842544783,0.0828864694075973,0.01942275347908567,0.013889965799580422,0.011419318035701074,0.006738354708084829
breast_cancer,ibm_fez,2,A037,outer_pairs,2,4,7,0.023184376275443622,0.004021413739987595,0.025251072885972867,0.02134347688224177,0.004307670759822427,0.0,-0.007246376811594198,ry+rz,4.0,7.0,0.030898154787926492,0.08885686377884991,0.08299707748275396,0.01942275347908567,0.013889965799580422,0.011719572592191897,0.007066630823969477
breast_cancer,ibm_fez,2,A040,left_ladder,1,2,5,0.016739319454746878,0.0015739366477158278,0.018144163692065923,0.015935467763904882,0.0033132851656903217,0.0,0.0,ry+rz,2.0,5.0,0.015708038692572646,0.0565926860962695,0.053235589190536,0.012948502319390447,0.013889965799580422,0.006714193811466986,0.003974888567525512
breast_cancer,ibm_fez,2,A042,left_ladder,3,6,13,0.03310043782118901,0.0010717408405699865,0.03530528049610376,0.027377548968776016,0.004217695764213408,0.0,0.0,ry+rz,6.0,13.0,0.04712411607771794,0.12059957075462614,0.11253734962465856,0.025897004638780894,0.013889965799580422,0.016124442259935166,0.009501820848644146
breast_cancer,ibm_fez,2,A045,right_ladder,2,4,9,0.01628718967583059,0.00040229710895533323,0.01745011450593958,0.01014231732610856,0.000680662603593928,0.0,0.0,ry+rz,4.0,9.0,0.008058799669479094,0.06172145501416043,0.056846059830420084,0.01942275347908567,0.013889965799580422,0.009750790367480697,0.0057237505147942035
breast_cancer,ibm_fez,2,A047,right_ladder,4,8,17,0.016230979082323255,0.002820162755461281,0.017918170250167596,0.014547210500400642,0.0032830257559669784,0.0,0.0,ry+rz,8.0,17.0,0.016117599338958188,0.0988536662612297,0.09010741068736544,0.03237125579847612,0.013889965799580422,0.017492511147728502,0.010236078602622213
breast_cancer,ibm_fez,2,A058,left_ladder,3,6,16,0.026435864243248935,0.00506177710206279,0.030429020501506632,0.021064322704491396,0.005676495265633787,0.0,0.008130081300812978,rx+ry+rz,6.0,16.0,0.04712411607771794,0.15269740465715845,0.14162157914634152,0.045319758117866565,0.013889965799580422,0.022151651021633856,0.013136088129542733
breast_cancer,ibm_fez,2,A059,left_ladder,4,8,21,0.04386980590944867,0.002200910040635107,0.046897277801546684,0.045204181393807163,0.01061579589272293,0.0003534817956874677,0.0,rx+ry+rz,8.0,21.0,0.06283215477029058,0.1954001249538475,0.1809672025372971,0.05826826043725701,0.013889965799580422,0.02886584483310084,0.017110976697068247
breast_cancer,ibm_fez,2,A063,right_ladder,4,8,21,0.023816335185196352,0.004116364067487927,0.025878697793504147,0.022060424033539156,0.0048445582503729755,0.0,0.0,rx+ry+rz,8.0,21.0,0.016117599338958188,0.14165077813127275,0.1288863833829427,0.05826826043725701,0.013889965799580422,0.02552878949666009,0.015081768310486996
breast_cancer,ibm_fez,4,A000,full_chain,1,3,4,0.017598982287673037,0.00012830609451973502,0.01874204376057163,0.012966045630515788,0.0012729390805280804,0.0,0.0,ry,3.0,4.0,0.014831652316696696,0.06295881764760299,0.05972343245190175,0.010894996546543549,0.013271268755777393,0.006470770391402478,0.014254744441481636
breast_cancer,ibm_fez,4,A003,full_chain,4,12,13,0.03331548411116867,0.003316990114243769,0.035702796212381004,0.033289930731911326,0.006917547149518972,0.0,0.0,ry,12.0,13.0,0.059326609266786776,0.1758549056648327,0.16545202106960605,0.02723749136635887,0.013271268755777393,0.020805769190453273,0.04481088249022973
breast_cancer,ibm_fez,4,A013,right_ladder,2,4,7,0.014556766639817394,0.0007514691387040826,0.015463980877444989,0.012365607586475036,0.0018285179621715432,0.0,0.0,ry,4.0,7.0,0.009711811213757656,0.06537808360677222,0.06134251028693261,0.01634249481981532,0.013271268755777393,0.008071146639679236,0.013945788857903004
breast_cancer,ibm_fez,4,A015,right_ladder,4,8,13,0.01716526979351533,0.0031819505228096023,0.018610722658889862,0.013844612688235633,0.002216628337815584,0.0,0.0,ry,8.0,13.0,0.019423622427515313,0.10542937890501802,0.09820445099453157,0.02723749136635887,0.013271268755777393,0.014449855820972924,0.023822212623907067
breast_cancer,ibm_fez,4,A018,full_chain,3,9,13,0.02408288546719457,0.0013475089514395227,0.02610030678677196,0.024130598597315405,0.005891982106598664,0.0,0.0,rx+rz,9.0,13.0,0.044494956950090085,0.1382228763257561,0.13020915819703793,0.021789993093087098,0.013271268755777393,0.016027436257436342,0.03462550314064703
breast_cancer,ibm_fez,4,A020,outer_pairs,1,2,4,0.013750527259509607,0.00012077549379218015,0.015207941189046746,0.013636137694304199,0.0032341341953776074,0.0,0.0,rx+rz,2.0,4.0,0.012289586780232951,0.05903325812076787,0.05614201079602589,0.010894996546543549,0.013271268755777393,0.005782494649483959,0.013903664063988042
breast_cancer,ibm_fez,4,A022,outer_pairs,3,6,10,0.022346029918762833,0.0012184781465032237,0.02443498066608551,0.023340442851990422,0.0062751437378981935,0.0,0.0,rx+rz,6.0,10.0,0.03686876034069885,0.12644619774525076,0.11946489322941037,0.021789993093087098,0.013271268755777393,0.01396260903168078,0.03357226200816625
breast_cancer,ibm_fez,4,A025,left_ladder,2,4,9,0.018818996616945204,0.00027758743708684224,0.020583283932807867,0.019158152025450237,0.004671500726185916,0.0,0.004065040650406471,rx+rz,4.0,9.0,0.025035624492563222,0.09250170984760206,0.08768579957573513,0.01634249481981532,0.013271268755777393,0.009631820543733858,0.023404590963845333
breast_cancer,ibm_fez,4,A037,outer_pairs,2,4,7,0.020458543494499357,0.0038431611747193157,0.022312647543122996,0.018617174016811105,0.0036573857823126075,0.0,-0.007246376811594198,ry+rz,4.0,7.0,0.024579173560465902,0.0927397279330093,0.08780345201271812,0.01634249481981532,0.013271268755777393,0.009872551840582368,0.023737963036077146
breast_cancer,ibm_fez,4,A040,left_ladder,1,2,5,0.014927270934842052,0.0015016453002425813,0.01616480172412638,0.01415062349261953,0.0029154681143291707,0.0,0.0,ry+rz,2.0,5.0,0.012517812246281611,0.05891424907806425,0.05608318457753439,0.010894996546543549,0.013271268755777393,0.005662129001059703,0.013736978027872136
breast_cancer,ibm_fez,4,A042,left_ladder,3,6,13,0.028905677857440432,0.000834281877428673,0.030911226962192357,0.02328953885115335,0.003367421700245158,0.0,0.0,ry+rz,6.0,13.0,0.037553436738844835,0.12608917061713987,0.11928841457393587,0.021789993093087098,0.013271268755777393,0.013601512086408014,0.033072203899818534
breast_cancer,ibm_fez,4,A045,right_ladder,2,4,9,0.01577298419018201,0.0007057836787520194,0.016977648862045416,0.009310902661369266,0.0004615752735530841,0.0,0.0,ry+rz,4.0,9.0,0.009711811213757656,0.06537808360677222,0.06134251028693261,0.01634249481981532,0.013271268755777393,0.008071146639679236,0.013945788857903004
breast_cancer,ibm_fez,4,A047,right_ladder,4,8,17,0.014870592578805792,0.0028552738670442634,0.016469741569210133,0.013017487309337402,0.002837352222437727,0.0,0.0,ry+rz,8.0,17.0,0.019423622427515313,0.10542937890501802,0.09820445099453157,0.02723749136635887,0.013271268755777393,0.014449855820972924,0.023822212623907067
breast_cancer,ibm_fez,4,A058,left_ladder,3,6,16,0.02239005676435658,0.004439838626345147,0.025912765546326082,0.016262545013401464,0.0040294000518504985,0.0,0.004065040650406471,rx+ry+rz,6.0,16.0,0.037553436738844835,0.16225572927538698,0.15291631704460465,0.03813248791290241,0.013271268755777393,0.018678824461564658,0.04528029917551535
breast_cancer,ibm_fez,4,A059,left_ladder,4,8,21,0.039987607398807225,0.002785963653441655,0.042755194077712305,0.04064254339077602,0.009397627471656808,0.0007069635913749724,0.0,rx+ry+rz,8.0,21.0,0.050071248985126444,0.20789870959767381,0.19572823286636165,0.04902748445944597,0.013271268755777393,0.024340953462624368,0.05901727720338749
breast_cancer,ibm_fez,4,A063,right_ladder,4,8,21,0.02241386228318101,0.004534109285902366,0.024334013965599057,0.02044469872274011,0.00441690514614602,0.0,0.0,rx+ry+rz,8.0,21.0,0.019423622427515313,0.1536514571160142,0.14304165428875662,0.04902748445944597,0.013271268755777393,0.021219605654515118,0.04009967299150283
breast_cancer,ibm_fez,7,A000,full_chain,1,3,4,0.016014714115150843,9.680462676908886e-05,0.017047456164504097,0.011893356704535266,0.0011753953127392885,0.0,0.0,ry,3.0,4.0,0.010424082802984125,0.046949288447743986,0.04381762857882457,0.008922607674903,0.014013751155930846,0.006263319737838831,0.004193867207167764
breast_cancer,ibm_fez,7,A003,full_chain,4,12,13,0.026820657478056665,0.0018680857674684942,0.02872399748554243,0.026768077057049266,0.005426347222115768,0.0,0.0,ry,12.0,13.0,0.041696331211936506,0.1217801881285672,0.11168807349778953,0.0223065191872575,0.014013751155930846,0.02018422926155536,0.013487242681109311
breast_cancer,ibm_fez,7,A013,right_ladder,2,4,7,0.01397876473343893,0.0007340805737618756,0.014860591188501353,0.011915187599803737,0.0017596658629029094,0.0,0.0,ry,4.0,7.0,0.008054935797451136,0.05180842929157379,0.04807067283768225,0.013383911512354503,0.014013751155930846,0.00747551290778307,0.0051425614641627026
breast_cancer,ibm_fez,7,A015,right_ladder,4,8,13,0.01594485473991152,0.002680577422689656,0.01725701952212554,0.013108049893790774,0.0021542481377995054,0.0,0.0,ry,8.0,13.0,0.01610987159490227,0.08161120336234468,0.07494719873619493,0.0223065191872575,0.014013751155930846,0.013328009252299485,0.009189047545804824
breast_cancer,ibm_fez,7,A018,full_chain,3,9,13,0.0204495055947294,0.0008567670756396037,0.022140861024839337,0.020474967726253606,0.0049606512168161865,0.0,0.0,rx+rz,9.0,13.0,0.03127224840895238,0.09683655490162613,0.08906459185813455,0.017845215349806,0.014013751155930846,0.015543926086983184,0.010389450856462128
breast_cancer,ibm_fez,7,A020,outer_pairs,1,2,4,0.012751140525272415,0.00011170504075134893,0.014083747234615454,0.012656152132936768,0.0030033878913299783,0.0,0.0,rx+rz,2.0,4.0,0.008105396978790017,0.043104639919977476,0.04033198662439694,0.008922607674903,0.014013751155930846,0.00554530659116108,0.003744924223611992
breast_cancer,ibm_fez,7,A022,outer_pairs,3,6,10,0.019197705105705728,0.0009536008186498839,0.02093980344131863,0.02002537400916299,0.005367694213035193,0.0,0.0,rx+rz,6.0,10.0,0.024316190936370052,0.0853026093183266,0.07860766599485164,0.017845215349806,0.014013751155930846,0.013389886646949931,0.009042621905794811
breast_cancer,ibm_fez,7,A025,left_ladder,2,4,9,0.01655303539562726,0.0001789207133005235,0.018082256892744702,0.01681984743879032,0.004081872220508612,0.0,0.004065040650406471,rx+rz,4.0,9.0,0.017430601456905333,0.06576325278919135,0.06089665979529963,0.013383911512354503,0.014013751155930846,0.00973318598778341,0.006335209682325538
breast_cancer,ibm_fez,7,A037,outer_pairs,2,4,7,0.017670012926994726,0.003097891148426642,0.019230611024875086,0.01615068890703401,0.0031782653800519387,0.0,-0.007246376811594198,ry+rz,4.0,7.0,0.016210793957580034,0.06420362461915202,0.05946982630962428,0.013383911512354503,0.014013751155930846,0.009467596619055503,0.006393773064703401
breast_cancer,ibm_fez,7,A040,left_ladder,1,2,5,0.013769275127662078,0.0013011468620370452,0.014908327890468802,0.013070987132612824,0.0026889194435854072,0.0,0.0,ry+rz,2.0,5.0,0.008715300728452667,0.04388445400499713,0.04104540336723461,0.008922607674903,0.014013751155930846,0.005678101275525034,0.0037156425324230595
breast_cancer,ibm_fez,7,A042,left_ladder,3,6,13,0.02421466254465558,0.0007726947960747392,0.025909891773120416,0.019545610070903403,0.002740990242171152,0.0,0.0,ry+rz,6.0,13.0,0.026145902185358002,0.08764205157338555,0.08074791622336466,0.017845215349806,0.014013751155930846,0.013788270700041788,0.008954776832228015
breast_cancer,ibm_fez,7,A045,right_ladder,2,4,9,0.014755541871832941,0.0003584015421177492,0.015815479179102736,0.009135383244871287,0.000583917143142626,0.0,0.0,ry+rz,4.0,9.0,0.008054935797451136,0.05180842929157379,0.04807067283768225,0.013383911512354503,0.014013751155930846,0.00747551290778307,0.0051425614641627026
breast_cancer,ibm_fez,7,A047,right_ladder,4,8,17,0.014182655797601751,0.0024768587212137235,0.015639686321153454,0.01271119012712768,0.0028615732478795195,0.0,0.0,ry+rz,8.0,17.0,0.01610987159490227,0.08161120336234468,0.07494719873619493,0.0223065191872575,0.014013751155930846,0.013328009252299485,0.009189047545804824
breast_cancer,ibm_fez,7,A058,left_ladder,3,6,16,0.019255243311033565,0.003914792799984876,0.021984230606469188,0.01573134900977119,0.004328648745002962,0.0,0.008130081300812978,rx+ry+rz,6.0,16.0,0.026145902185358002,0.11161776376800175,0.10228910357308088,0.031229126862160502,0.014013751155930846,0.01865732038984176,0.012243002979789764
breast_cancer,ibm_fez,7,A059,left_ladder,4,8,21,0.031689299400362914,0.0015997368010220747,0.03391166047766229,0.03211016974954902,0.007175326170356461,0.0003534817956874677,0.0,rx+ry+rz,8.0,21.0,0.03486120291381067,0.14148846661706804,0.12932075578438465,0.040151734537063506,0.014013751155930846,0.0243354216653668,0.015958645512212825
breast_cancer,ibm_fez,7,A063,right_ladder,4,8,21,0.019983380071260156,0.003451967300030623,0.021697049954651947,0.018433739350424156,0.0040002830481369505,0.0,0.0,rx+ry+rz,8.0,21.0,0.01610987159490227,0.11357881962183294,0.10366878186914989,0.040151734537063506,0.014013751155930846,0.019820075505366117,0.013573349075887156
breast_cancer,ibm_kingston,0,A000,full_chain,1,3,4,0.010191654868838449,5.878956185609608e-05,0.010801483312782348,0.007643751966499468,0.0007481714340004247,0.0,0.0,ry,3.0,4.0,0.0057621587316368916,0.03510238373173163,0.032277953347787554,0.005581899753922511,0.01178795575204224,0.005648860767888137,0.003497078342297775
breast_cancer,ibm_kingston,0,A003,full_chain,4,12,13,0.012986123256060881,0.0009281981281804755,0.013894925107955015,0.012927196844478414,0.0024598316760215586,0.0,0.0,ry,12.0,13.0,0.023048634926547566,0.08661807206370575,0.07774821729328668,0.01395474938480628,0.01178795575204224,0.01773970954083813,0.011217167689052475
breast_cancer,ibm_kingston,0,A013,right_ladder,2,4,7,0.00941870133667211,0.0004992695478391036,0.01000439860942268,0.008066808409219473,0.0011677227582220877,0.0,0.0,ry,4.0,7.0,0.00800149614661967,0.04618284025315693,0.04202492298021433,0.008372849630883767,0.01178795575204224,0.008315834545885194,0.005546786904783462
breast_cancer,ibm_kingston,0,A015,right_ladder,4,8,13,0.009774424497387734,0.0015935239178771067,0.010576327321316947,0.00797285581956847,0.0012504801872258952,0.0,0.0,ry,8.0,13.0,0.01600299229323934,0.07443519288524028,0.06692864726114081,0.01395474938480628,0.01178795575204224,0.015013091248198914,0.010169858582854047
breast_cancer,ibm_kingston,0,A018,full_chain,3,9,13,0.010540215382175026,0.0004341259662853442,0.011479285927468214,0.010416944651563767,0.002387314188472082,0.0,0.0,rx+rz,9.0,13.0,0.017286476194910673,0.06944617595304771,0.06259146264478697,0.011163799507845022,0.01178795575204224,0.013709426616521468,0.008643804573467575
breast_cancer,ibm_kingston,0,A020,outer_pairs,1,2,4,0.00815083290734027,7.246565781512543e-05,0.009059685617119943,0.007947557313378761,0.0018095527816854723,0.0,0.0,rx+rz,2.0,4.0,0.0041717951105434735,0.031805870467222865,0.029327423144254045,0.005581899753922511,0.01178795575204224,0.004956894645937637,0.0028288778818081825
breast_cancer,ibm_kingston,0,A022,outer_pairs,3,6,10,0.009892998222340238,0.0004899660567103517,0.010876108480162844,0.010153765189810907,0.0025883175663505334,0.0,0.0,rx+rz,6.0,10.0,0.01251538533163042,0.05955663615952142,0.05373987203418643,0.011163799507845022,0.01178795575204224,0.011633528250669965,0.006639203191998795
breast_cancer,ibm_kingston,0,A025,left_ladder,2,4,9,0.00933012549874708,9.642923581387293e-05,0.010258895073104476,0.009330415255708824,0.0021562526657395117,0.0,0.0,rx+rz,4.0,9.0,0.006703548558840948,0.04290001747738653,0.039098530016919014,0.008372849630883767,0.01178795575204224,0.0076029749209350315,0.004631201154217028
breast_cancer,ibm_kingston,0,A037,outer_pairs,2,4,7,0.009958773334880653,0.0016941576754656304,0.010858306666837314,0.00900306088831069,0.0016894581436322266,0.0,0.0,ry+rz,4.0,7.0,0.008343590221086947,0.04568125331337215,0.04153364758922025,0.008372849630883767,0.01178795575204224,0.008295211448303802,0.0047340405369034905
breast_cancer,ibm_kingston,0,A040,left_ladder,1,2,5,0.008776507613798902,0.000806509387205927,0.009544797288940504,0.00826634487725919,0.0016371190179583588,0.0,0.0,ry+rz,2.0,5.0,0.003351774279420474,0.030415252549230054,0.028109864358103427,0.005581899753922511,0.01178795575204224,0.004610776382253251,0.0027774581904649515
breast_cancer,ibm_kingston,0,A042,left_ladder,3,6,13,0.012485410342267854,0.00038930576534380905,0.013302068601139526,0.01008008047192499,0.0013168369348786485,0.0,0.0,ry+rz,6.0,13.0,0.01005532283826142,0.055384782405542995,0.050087195675734594,0.011163799507845022,0.01178795575204224,0.01059517345961681,0.0064849441179691035
breast_cancer,ibm_kingston,0,A045,right_ladder,2,4,9,0.009934439336251152,0.00023790176979530055,0.010600923127683529,0.006220970592118291,0.00040787565815398236,0.0,0.0,ry+rz,4.0,9.0,0.00800149614661967,0.04618284025315693,0.04202492298021433,0.008372849630883767,0.01178795575204224,0.008315834545885194,0.005546786904783462
breast_cancer,ibm_kingston,0,A047,right_ladder,4,8,17,0.008735142165437146,0.001460047646847595,0.009679087158957366,0.007622458990556617,0.001632304004759134,0.0,0.0,ry+rz,8.0,17.0,0.01600299229323934,0.07443519288524028,0.06692864726114081,0.01395474938480628,0.01178795575204224,0.015013091248198914,0.010169858582854047
breast_cancer,ibm_kingston,0,A058,left_ladder,3,6,16,0.00948756755933788,0.0017905461983777496,0.010948891285653321,0.007043171839751987,0.0017647465037510385,0.0,0.004065040650406471,rx+ry+rz,6.0,16.0,0.01005532283826142,0.07381237801263701,0.0660869245174714,0.01953664913872879,0.01178795575204224,0.01545090699033123,0.009256089798107731
breast_cancer,ibm_kingston,0,A059,left_ladder,4,8,21,0.01456364902787502,0.0007201166835888983,0.015567901320160935,0.014633654673500807,0.003036511878537679,0.0003534817956874677,0.0,rx+ry+rz,8.0,21.0,0.013407097117681894,0.09243967480982483,0.0824088331235326,0.025118548892651298,0.01178795575204224,0.020061683372584484,0.012033547988572684
breast_cancer,ibm_kingston,0,A063,right_ladder,4,8,21,0.010735886102772034,0.001820101769278973,0.011681884446704212,0.009769110083411655,0.0019984856696796303,0.0,0.0,rx+ry+rz,8.0,21.0,0.01600299229323934,0.09900532036136564,0.08826161905012322,0.025118548892651298,0.01178795575204224,0.02148740262248481,0.013864719489705551
breast_cancer,ibm_kingston,2,A000,full_chain,1,3,4,0.0053690963226335695,3.067874420272669e-05,0.005692992652968023,0.003989087535761733,0.0003615271181350854,0.0,0.0,ry,3.0,4.0,0.004169659793354989,0.02226203734974371,0.02048039932465268,0.004417554966388909,0.005999405812157707,0.0035632760501820688,0.002330502702569005
breast_cancer,ibm_kingston,2,A003,full_chain,4,12,13,0.007285941675741314,0.0005372019503045076,0.007797244475937125,0.007206493807009902,0.0013276329167352986,0.0,0.0,ry,12.0,13.0,0.016678639173419954,0.05801762433219797,0.05243325731964151,0.011043887415972273,0.005999405812157707,0.011168734025112929,0.007542590892978644
breast_cancer,ibm_kingston,2,A013,right_ladder,2,4,7,0.004797149759734414,0.00025405099455726794,0.005096016126887445,0.004079675591358485,0.0005669821091635283,0.0,0.0,ry,4.0,7.0,0.005655239562527027,0.030000457588792308,0.027371019969086554,0.006626332449583364,0.005999405812157707,0.005258875239411513,0.0038311669054069434
breast_cancer,ibm_kingston,2,A015,right_ladder,4,8,13,0.00497029201548822,0.0008124482408001691,0.0053775819936237685,0.004023255646443606,0.0006095808411212128,0.0,0.0,ry,8.0,13.0,0.011310479125054054,0.04965740682199232,0.0449125932785167,0.011043887415972273,0.005999405812157707,0.009489627086951242,0.007069193838381427
breast_cancer,ibm_kingston,2,A018,full_chain,3,9,13,0.00581327369796245,0.00024481060380005746,0.00632583863542953,0.005716508001880116,0.001287226014887922,0.0,0.0,rx+rz,9.0,13.0,0.012508979380064967,0.04609909533804655,0.04178230465464523,0.008835109932777818,0.005999405812157707,0.008633581366802642,0.005805228162842098
breast_cancer,ibm_kingston,2,A020,outer_pairs,1,2,4,0.004295050723679692,3.8132501048549934e-05,0.00476977668607332,0.004172975430029664,0.0009375453348683763,0.0,0.0,rx+rz,2.0,4.0,0.002911683406701519,0.019868077182233542,0.018293763238429874,0.004417554966388909,0.005999405812157707,0.003148627887607335,0.0018164911655744061
breast_cancer,ibm_kingston,2,A022,outer_pairs,3,6,10,0.005452916374097988,0.0002716267568759616,0.005988306789658356,0.005573693845678518,0.0014021066846492541,0.0,0.0,rx+rz,6.0,10.0,0.008735050220104556,0.038917214835516044,0.035222396395976824,0.008835109932777818,0.005999405812157707,0.00738963687907844,0.004263193551858301
breast_cancer,ibm_kingston,2,A025,left_ladder,2,4,9,0.005041827798251102,5.373128914885136e-05,0.005538606002509769,0.005022910404273921,0.0011438542152252724,0.0,0.0,rx+rz,4.0,9.0,0.005200032797489892,0.027999742532584637,0.025623132547661808,0.006626332449583364,0.005999405812157707,0.004753219969845659,0.0030441415185851846
breast_cancer,ibm_kingston,2,A037,outer_pairs,2,4,7,0.005381665758862606,0.0009177953849317098,0.005866640209381958,0.004835283052814887,0.0008849918156440817,0.0,0.0,ry+rz,4.0,7.0,0.005823366813403038,0.02939264600887479,0.026758079817203347,0.006626332449583364,0.005999405812157707,0.005269132383342888,0.003039842358716354
breast_cancer,ibm_kingston,2,A040,left_ladder,1,2,5,0.004625429082683353,0.0004256827597240045,0.005027258159437479,0.004336749341404045,0.0008419556390422781,0.0,0.0,ry+rz,2.0,5.0,0.002600016398744946,0.019171625444088465,0.017726289603659105,0.004417554966388909,0.005999405812157707,0.0028906716808587206,0.0018186407455088216
breast_cancer,ibm_kingston,2,A042,left_ladder,3,6,13,0.006890013473469083,0.0002083173397076155,0.007344566397420555,0.005498239183535138,0.00067497970256096,0.0,0.0,ry+rz,6.0,13.0,0.007800049196234838,0.0368278596210808,0.0335199754916645,0.008835109932777818,0.005999405812157707,0.006615768258832596,0.004269642291661546
breast_cancer,ibm_kingston,2,A045,right_ladder,2,4,9,0.005054558072451264,0.00011699195914189959,0.005396718576478909,0.0031136598306521677,0.00017559524707339938,0.0,0.0,ry+rz,4.0,9.0,0.005655239562527027,0.030000457588792308,0.027371019969086554,0.006626332449583364,0.005999405812157707,0.005258875239411513,0.0038311669054069434
breast_cancer,ibm_kingston,2,A047,right_ladder,4,8,17,0.00444246054220698,0.0007475825804238827,0.004916107821051126,0.003863371871516826,0.0008181634526091783,0.0,0.0,ry+rz,8.0,17.0,0.011310479125054054,0.04965740682199232,0.0449125932785167,0.011043887415972273,0.005999405812157707,0.009489627086951242,0.007069193838381427
breast_cancer,ibm_kingston,2,A058,left_ladder,3,6,16,0.005167743441164298,0.0009923810149240866,0.0059538672060229225,0.0038089535665475718,0.0009495671159754268,0.0,0.0,rx+ry+rz,6.0,16.0,0.007800049196234838,0.04986016725138457,0.0450100980341606,0.015461442382361183,0.005999405812157707,0.009700138434447945,0.006049062208958925
breast_cancer,ibm_kingston,2,A059,left_ladder,4,8,21,0.008103856076165787,0.0004023810151275917,0.008663213902024864,0.008084074821493445,0.0016262897815152954,0.0003534817956874677,0.0,rx+ry+rz,8.0,21.0,0.010400065594979784,0.06303238688331533,0.05673698182566199,0.019878997348750094,0.005999405812157707,0.012590810115306664,0.007867702954467747
breast_cancer,ibm_kingston,2,A063,right_ladder,4,8,21,0.005451867871103386,0.0009203236588098367,0.005927765233646593,0.004934776222203267,0.0009885524923887677,0.0,0.0,rx+ry+rz,8.0,21.0,0.011310479125054054,0.06703381699573069,0.060232756668511495,0.019878997348750094,0.005999405812157707,0.013602120654438374,0.009441753728111265
breast_cancer,ibm_kingston,4,A000,full_chain,1,3,4,0.005478314726932392,3.111645745467771e-05,0.005813463257295248,0.004056494289930028,0.0003628158200790997,0.0,0.0,ry,3.0,4.0,0.0032586540699140604,0.02929854126129721,0.026813874349779724,0.005042465633752678,0.0061222182163648805,0.0049693338230349755,0.007421202606713129
breast_cancer,ibm_kingston,4,A003,full_chain,4,12,13,0.007200979997491035,0.0005267502948678922,0.007712943372982638,0.007120537374518408,0.001312536982974714,0.0,0.0,ry,12.0,13.0,0.01303461627965624,0.07953706000229599,0.07166344812979449,0.012606164084381696,0.0061222182163648805,0.01574722374500301,0.024153225804388657
breast_cancer,ibm_kingston,4,A013,right_ladder,2,4,7,0.005159730765232682,0.00027291775665058725,0.005481590248114874,0.004383744553369799,0.0006096390561421047,0.0,0.0,ry,4.0,7.0,0.004931682507135297,0.041870091117772,0.03835378305530543,0.007563698450629017,0.0061222182163648805,0.007032616124933139,0.012703567756243095
breast_cancer,ibm_kingston,4,A015,right_ladder,4,8,13,0.005485734470212135,0.0008999585827143867,0.005935140467392277,0.004443315500437454,0.000676082846301528,0.0,0.0,ry,8.0,13.0,0.009863365014270592,0.07118781388791304,0.06484354968750271,0.012606164084381696,0.0061222182163648805,0.012688528400820645,0.023563273971664897
breast_cancer,ibm_kingston,4,A018,full_chain,3,9,13,0.005788093386609745,0.00025306505803722863,0.006283547149194872,0.00569186521740452,0.0012886311685628242,0.0,0.0,rx+rz,9.0,13.0,0.009775962209742181,0.06279088708862973,0.056713590203122895,0.010084931267505357,0.0061222182163648805,0.012154593771013664,0.018575884738496813
breast_cancer,ibm_kingston,4,A020,outer_pairs,1,2,4,0.004379378123405061,3.879996779115575e-05,0.004857409754247165,0.00426594622496627,0.0009632415368611702,0.0,0.0,rx+rz,2.0,4.0,0.002276234136043834,0.025411977261479958,0.023303899492628833,0.005042465633752678,0.0061222182163648805,0.0042161555377022465,0.005646825968765194
breast_cancer,ibm_kingston,4,A022,outer_pairs,3,6,10,0.005424147325902004,0.00027358468864056607,0.005938439019666088,0.005557905721454537,0.0014083576297582122,0.0,0.0,rx+rz,6.0,10.0,0.0068287024081315015,0.05113119508917796,0.046183665631670215,0.010084931267505357,0.0061222182163648805,0.009895058915015478,0.013252754824653008
breast_cancer,ibm_kingston,4,A025,left_ladder,2,4,9,0.005070309827168645,5.7150932360627756e-05,0.005558884220508222,0.00506579961530923,0.0011614933872291188,0.0,0.0,rx+rz,4.0,9.0,0.0035504655004332765,0.037360419666989095,0.03377751177204233,0.007563698450629017,0.0061222182163648805,0.007165815789893534,0.009375313814721616
breast_cancer,ibm_kingston,4,A037,outer_pairs,2,4,7,0.005418072947517193,0.0009347223857091796,0.0059069550328143304,0.004878460777813102,0.0008950563141694919,0.0,0.0,ry+rz,4.0,7.0,0.004552468272087668,0.03827158617532897,0.034743782562149536,0.007563698450629017,0.0061222182163648805,0.007055607226358864,0.009449790396709104
breast_cancer,ibm_kingston,4,A040,left_ladder,1,2,5,0.004718775279496746,0.0004368929611390399,0.005124109072698031,0.004427070071352235,0.0008622170042663588,0.0,0.0,ry+rz,2.0,5.0,0.0017752327502166382,0.02495639400731002,0.02282076409757523,0.005042465633752678,0.0061222182163648805,0.004271259819469582,0.00560958767777145
breast_cancer,ibm_kingston,4,A042,left_ladder,3,6,13,0.0068643987336341064,0.0001998470860436448,0.0073301741077136445,0.005420372224653312,0.0006496938813033379,0.0,0.0,ry+rz,6.0,13.0,0.005325698250649914,0.049764445326668155,0.04473425944650941,0.010084931267505357,0.0061222182163648805,0.010060371760317485,0.013141039951671775
breast_cancer,ibm_kingston,4,A045,right_ladder,2,4,9,0.005436664089745451,0.00012572708137390478,0.0058079459817517234,0.0033414540041201515,0.0001861650415833869,0.0,0.0,ry+rz,4.0,9.0,0.004931682507135297,0.041870091117772,0.03835378305530543,0.007563698450629017,0.0061222182163648805,0.007032616124933139,0.012703567756243095
breast_cancer,ibm_kingston,4,A047,right_ladder,4,8,17,0.004900599812411338,0.0008289793674293507,0.005419442608804686,0.004274927215984732,0.0009103396677453829,0.0,0.0,ry+rz,8.0,17.0,0.009863365014270592,0.07118781388791304,0.06484354968750271,0.012606164084381696,0.0061222182163648805,0.012688528400820645,0.023563273971664897
breast_cancer,ibm_kingston,4,A058,left_ladder,3,6,16,0.005302157578021199,0.0010477365901373223,0.006091405718598344,0.003976483283095115,0.0010086459949076355,0.0,0.004065040650406471,rx+ry+rz,6.0,16.0,0.005325698250649914,0.06905489572046637,0.061959654066739187,0.017648629718134374,0.0061222182163648805,0.014190483307454378,0.01867262457413564
breast_cancer,ibm_kingston,4,A059,left_ladder,4,8,21,0.008408102200551616,0.00043380719662766405,0.008995789677133423,0.00838002727455441,0.0016905956177193278,0.0003534817956874677,0.0,rx+ry+rz,8.0,21.0,0.007100931000866553,0.08788907151141152,0.07865819994794954,0.022691095351887052,0.0061222182163648805,0.01846174312692396,0.02428221225190709
breast_cancer,ibm_kingston,4,A063,right_ladder,4,8,21,0.006256919079533549,0.0010587512524155552,0.006801913988397895,0.005669994326952273,0.0011417889070898062,0.0,0.0,rx+ry+rz,8.0,21.0,0.009863365014270592,0.09690841441297735,0.08781074251447575,0.022691095351887052,0.0061222182163648805,0.018195343797003175,0.03093872013495005
breast_cancer,ibm_kingston,7,A000,full_chain,1,3,4,0.009941670158093815,5.836076046171385e-05,0.010517529994057306,0.0075196146200121605,0.0007582206668092275,0.0,0.0,ry,3.0,4.0,0.0049272296326031695,0.03394627164937872,0.03181916096628852,0.007091368501732831,0.01203502184347814,0.004254221366180388,0.003511319622293992
breast_cancer,ibm_kingston,7,A003,full_chain,4,12,13,0.011788523911678223,0.0008726748236101826,0.012619579480038499,0.011798361295634182,0.002242086225847942,0.0,0.0,ry,12.0,13.0,0.019708918530412678,0.08126003167143175,0.07446283615866472,0.017728421254332077,0.01203502184347814,0.013594391025534041,0.011396083504907787
breast_cancer,ibm_kingston,7,A013,right_ladder,2,4,7,0.009422651651314161,0.000501781091278537,0.010009073591048545,0.008115916508143564,0.0011856890359202288,0.0,0.0,ry,4.0,7.0,0.0075930205806086885,0.045619037100858226,0.04240788775340444,0.010637052752599246,0.01203502184347814,0.006422298694907584,0.005720493881810782
breast_cancer,ibm_kingston,7,A015,right_ladder,4,8,13,0.009696181174677658,0.0015476183749976425,0.010499273566000257,0.00790887613432086,0.0012359480630411794,0.0,0.0,ry,8.0,13.0,0.015186041161217377,0.07306305589302209,0.0672111729379791,0.017728421254332077,0.01203502184347814,0.011703765910085996,0.010557922768865502
breast_cancer,ibm_kingston,7,A018,full_chain,3,9,13,0.009737261292369119,0.0003886103359154752,0.01065006083251531,0.009577818516852262,0.002160140943646726,0.0,0.0,rx+rz,9.0,13.0,0.014781688897809508,0.0654887783307474,0.06024827776120599,0.014182737003465663,0.01203502184347814,0.010481001139082824,0.008767828877369854
breast_cancer,ibm_kingston,7,A020,outer_pairs,1,2,4,0.007963034209835554,7.118171495724383e-05,0.008884965171226708,0.00771336495207429,0.0017339012442402167,0.0,0.0,rx+rz,2.0,4.0,0.003415824599605422,0.030487296101262707,0.028740397897927414,0.007091368501732831,0.01203502184347814,0.0034937964066705848,0.002704386546440436
breast_cancer,ibm_kingston,7,A022,outer_pairs,3,6,10,0.009134473232475222,0.0004585533500087597,0.010105507454700523,0.00930633480054871,0.002330972919154989,0.0,0.0,rx+rz,6.0,10.0,0.010247473798816267,0.05511185168639938,0.05101198855612267,0.014182737003465663,0.01203502184347814,0.008199726260553415,0.006347029649809186
breast_cancer,ibm_kingston,7,A025,left_ladder,2,4,9,0.008839485526795273,8.360161107491955e-05,0.009768027273810022,0.008787208828695695,0.0020000838273607027,0.0,0.0,rx+rz,4.0,9.0,0.005284248750593147,0.04147145022456368,0.03852712176659811,0.010637052752599246,0.01203502184347814,0.005888656915931142,0.0046821415039964365
breast_cancer,ibm_kingston,7,A037,outer_pairs,2,4,7,0.009454190202248058,0.0015784516449885281,0.010325350560484302,0.00852438395282464,0.0015870725816221297,0.0,0.0,ry+rz,4.0,7.0,0.006831649199210844,0.042799573893831044,0.03987619322702504,0.010637052752599246,0.01203502184347814,0.005846761333612001,0.004525708098124813
breast_cancer,ibm_kingston,7,A040,left_ladder,1,2,5,0.008565087167270087,0.0007718784236937677,0.009339164860040454,0.008052630437465144,0.0015822428682216588,0.0,0.0,ry+rz,2.0,5.0,0.0026421243752965734,0.02982323426662903,0.028065862167713947,0.007091368501732831,0.01203502184347814,0.0035147441978301552,0.002782603249376248
breast_cancer,ibm_kingston,7,A042,left_ladder,3,6,13,0.011522521528569673,0.0003562824566046648,0.012251575420340236,0.009407215866843621,0.0012516303465568053,0.0,0.0,ry+rz,6.0,13.0,0.00792637312588972,0.05311966618249833,0.04898838136548227,0.014182737003465663,0.01203502184347814,0.008262569634032126,0.0065816797586166235
breast_cancer,ibm_kingston,7,A045,right_ladder,2,4,9,0.009945648512852167,0.0002446630001323097,0.010591819833222382,0.00630418403334367,0.000443445051070195,0.0,0.0,ry+rz,4.0,9.0,0.0075930205806086885,0.045619037100858226,0.04240788775340444,0.010637052752599246,0.01203502184347814,0.006422298694907584,0.005720493881810782
breast_cancer,ibm_kingston,7,A047,right_ladder,4,8,17,0.008687455138269573,0.001403020377857107,0.009666397033367163,0.007471333989993241,0.001564736959633319,0.0,0.0,ry+rz,8.0,17.0,0.015186041161217377,0.07306305589302209,0.0672111729379791,0.017728421254332077,0.01203502184347814,0.011703765910085996,0.010557922768865502
breast_cancer,ibm_kingston,7,A058,left_ladder,3,6,16,0.008844636549249404,0.0015177049974848254,0.010322994794210054,0.0060466611620425366,0.0013876670298620293,0.0,0.0,rx+ry+rz,6.0,16.0,0.00792637312588972,0.07153965557814704,0.06569712354153721,0.024819789756064907,0.01203502184347814,0.011685064073219635,0.009230874742884804
breast_cancer,ibm_kingston,7,A059,left_ladder,4,8,21,0.013251222042101355,0.0006727597050998269,0.014161786899599571,0.01337225876923485,0.002762294004166115,0.0003534817956874677,0.0,rx+ry+rz,8.0,21.0,0.010568497501186292,0.08932786800129791,0.08172796386577302,0.031911158257797737,0.01203502184347814,0.015199808271049794,0.012013477992261054
breast_cancer,ibm_kingston,7,A063,right_ladder,4,8,21,0.01047989109797306,0.001751023648025145,0.01144533585365555,0.009492993879834747,0.00190802330326952,0.0,0.0,rx+ry+rz,8.0,21.0,0.015186041161217377,0.09762304175388702,0.08948949583938567,0.031911158257797737,0.01203502184347814,0.016267091829002676,0.014090182747889743
breast_cancer,ibm_marrakesh,0,A000,full_chain,1,3,4,0.004468501198840055,3.570076041962571e-05,0.004753719518402147,0.003214209116412218,0.0002563824841181848,0.0,0.0,ry,3.0,4.0,0.005607275424824075,0.026533303625334202,0.024630862322824243,0.005215291016078174,0.003546319827933037,0.003804882605019929,0.006457093448969024
breast_cancer,ibm_marrakesh,0,A003,full_chain,4,12,13,0.008386678959297697,0.0010246435635411389,0.009002234473451916,0.008212510901644857,0.001499493376551327,0.0,0.0,ry,12.0,13.0,0.0224291016992963,0.07665203928850847,0.07067516340686983,0.013038227540195433,0.003546319827933037,0.011953751763277273,0.01970776257616778
breast_cancer,ibm_marrakesh,0,A013,right_ladder,2,4,7,0.0036921752122667274,0.00018848937355300937,0.00391935419930018,0.0030925430447404367,0.0004182235407518368,0.0,0.0,ry,4.0,7.0,0.0062695375117128305,0.033481567744605034,0.03075826603378482,0.00782293652411726,0.003546319827933037,0.0054466034216404296,0.007672868748381268
breast_cancer,ibm_marrakesh,0,A015,right_ladder,4,8,13,0.0042820966975484235,0.0008471725162502685,0.0046511762046171174,0.0033193972477473612,0.0004631700194510692,0.0,0.0,ry,8.0,13.0,0.012539075023425661,0.057136077084933956,0.05223377010609394,0.013038227540195433,0.003546319827933037,0.009804613957680043,0.01330553375685976
breast_cancer,ibm_marrakesh,0,A018,full_chain,3,9,13,0.005941868108958129,0.0003934531619067692,0.006452948525955463,0.005815562443136968,0.001309840584433462,0.0,0.0,rx+rz,9.0,13.0,0.016821826274472224,0.059945794067450375,0.05532706304552129,0.010430582032156348,0.003546319827933037,0.009237462043858159,0.01529087286710153
breast_cancer,ibm_marrakesh,0,A020,outer_pairs,1,2,4,0.0034497494258728402,3.056779127402287e-05,0.0038259552365088635,0.0033568432800467804,0.0007552430995802958,0.0,0.0,rx+rz,2.0,4.0,0.004564006350077669,0.02414083567298398,0.02253818503584945,0.005215291016078174,0.003546319827933037,0.0032053012742690665,0.006007266567491501
breast_cancer,ibm_marrakesh,0,A022,outer_pairs,3,6,10,0.005464509923511637,0.00031461329557938214,0.006000299588177569,0.005586841093835504,0.001405220384081284,0.0,0.0,rx+rz,6.0,10.0,0.013692019050233007,0.052768390210399696,0.049049031184596914,0.010430582032156348,0.003546319827933037,0.00743871805160557,0.013941392222668957
breast_cancer,ibm_marrakesh,0,A025,left_ladder,2,4,9,0.00465584419163002,7.781869919465151e-05,0.00510538821589003,0.004653151198257488,0.001065271344955492,0.0,0.0,rx+rz,4.0,9.0,0.007031551487428135,0.03693145256344999,0.0341616974528986,0.00782293652411726,0.003546319827933037,0.0055395102211027855,0.010221379392317383
breast_cancer,ibm_marrakesh,0,A037,outer_pairs,2,4,7,0.005123534927119015,0.0010015888355679845,0.005603050007648244,0.0045418672256291774,0.0008066082470623662,0.0,0.0,ry+rz,4.0,7.0,0.009128012700155338,0.03845461294169184,0.03579360811022319,0.00782293652411726,0.003546319827933037,0.005322009662937319,0.009974329395080231
breast_cancer,ibm_marrakesh,0,A040,left_ladder,1,2,5,0.0037550584106286248,0.0003905990411949029,0.004072526153621285,0.0035041567463414136,0.0006770698947732162,0.0,0.0,ry+rz,2.0,5.0,0.0035157757437140674,0.023379255483863055,0.021722229707187155,0.005215291016078174,0.003546319827933037,0.0033140515533518,0.006130791566110076
breast_cancer,ibm_marrakesh,0,A042,left_ladder,3,6,13,0.007214304365942315,0.0001854638956805767,0.007702124159124179,0.005585025477155947,0.0006506020674689935,0.0,0.0,ry+rz,6.0,13.0,0.010547327231142201,0.05048364964303693,0.046601165198610045,0.010430582032156348,0.003546319827933037,0.007764968888853771,0.014311967218524685
breast_cancer,ibm_marrakesh,0,A045,right_ladder,2,4,9,0.004078177563527457,0.00024829068746409365,0.004395266779619119,0.002233957149624377,3.681736190916385e-05,0.0,0.0,ry+rz,4.0,9.0,0.0062695375117128305,0.033481567744605034,0.03075826603378482,0.00782293652411726,0.003546319827933037,0.0054466034216404296,0.007672868748381268
breast_cancer,ibm_marrakesh,0,A047,right_ladder,4,8,17,0.003642339778340158,0.0007407392255237646,0.004049706421872641,0.0030403579156140967,0.0006066007472806112,0.0,0.0,ry+rz,8.0,17.0,0.012539075023425661,0.057136077084933956,0.05223377010609394,0.013038227540195433,0.003546319827933037,0.009804613957680043,0.01330553375685976
breast_cancer,ibm_marrakesh,0,A058,left_ladder,3,6,16,0.005491602508176437,0.0009872863301798956,0.006396948378827267,0.003181429421929579,0.0006071361634429016,0.0,0.0,rx+ry+rz,6.0,16.0,0.010547327231142201,0.06932586537206617,0.06381049159923807,0.018253518556273607,0.003546319827933037,0.011030747545656217,0.02043257843823301
breast_cancer,ibm_marrakesh,0,A059,left_ladder,4,8,21,0.010247888286087636,0.0009892455348003413,0.01096387230977001,0.01013047009543433,0.0020583194839061355,0.0003534817956874677,0.0,rx+ry+rz,8.0,21.0,0.014063102974856268,0.08915880102799618,0.08198640147849218,0.023468809572351784,0.003546319827933037,0.014344799099008015,0.026563370004343084
breast_cancer,ibm_marrakesh,0,A063,right_ladder,4,8,21,0.005515048496200937,0.0012471280563102316,0.005989554949075854,0.004855441678856727,0.0009490094057324714,0.0,0.0,rx+ry+rz,8.0,21.0,0.012539075023425661,0.0822590313903063,0.07517953864026464,0.023468809572351784,0.003546319827933037,0.014158985500083304,0.021466348716470858
breast_cancer,ibm_marrakesh,2,A000,full_chain,1,3,4,0.004578968447059727,3.730699208557937e-05,0.004879806410237422,0.003270237728543531,0.0002524009345570612,0.0,0.0,ry,3.0,4.0,0.00661352769402059,0.027871648730427953,0.02584879911212239,0.006221684916740035,0.003056423921013339,0.004045699236611123,0.005911463343737306
breast_cancer,ibm_marrakesh,2,A003,full_chain,4,12,13,0.009607361188770635,0.0011275403177083052,0.010310481467452167,0.009406860951735254,0.0017282710503255944,0.0,0.0,ry,12.0,13.0,0.026454110776082364,0.08206922853392537,0.07571825454684196,0.015554212291850087,0.003056423921013339,0.012701947974166832,0.017951559583729338
breast_cancer,ibm_marrakesh,2,A013,right_ladder,2,4,7,0.0035055694422060305,0.00017754124159925961,0.003727473857778871,0.0029131443725945263,0.00038804918263841043,0.0,0.0,ry,4.0,7.0,0.006455453752908012,0.03412297248349948,0.031269705859167635,0.009332527375110054,0.003056423921013339,0.005706533248663699,0.006718767561472526
breast_cancer,ibm_marrakesh,2,A015,right_ladder,4,8,13,0.004195670788873102,0.0008468738942801359,0.004562744925809489,0.0032430262788774775,0.0004525009314672081,0.0,0.0,ry,8.0,13.0,0.012910907505816022,0.05844015617107014,0.05331376441778605,0.015554212291850087,0.003056423921013339,0.010252783506568176,0.011539437192538424
breast_cancer,ibm_marrakesh,2,A018,full_chain,3,9,13,0.006703015383548194,0.000434866192206582,0.0072691033147948385,0.006573129162706544,0.0014923076084036497,0.0,0.0,rx+rz,9.0,13.0,0.019840583082061772,0.06400336859942624,0.059095102735268766,0.01244336983348007,0.003056423921013339,0.009816531728314929,0.013938194170398661
breast_cancer,ibm_marrakesh,2,A020,outer_pairs,1,2,4,0.003531585765203573,3.108859530117943e-05,0.003907222549891161,0.0034545422115736337,0.0007851317338241903,0.0,0.0,rx+rz,2.0,4.0,0.005046924770210915,0.025038460723348144,0.02333026632028596,0.006221684916740035,0.003056423921013339,0.0034163888061243724,0.005588843906197296
breast_cancer,ibm_marrakesh,2,A022,outer_pairs,3,6,10,0.0061730822985627985,0.00035009716836507146,0.006762785695243357,0.006327468012214454,0.0016042077769426362,0.0,0.0,rx+rz,6.0,10.0,0.015140774310632746,0.0555038045781868,0.051539504359759465,0.01244336983348007,0.003056423921013339,0.007928600436854677,0.012970335857778634
breast_cancer,ibm_marrakesh,2,A025,left_ladder,2,4,9,0.005069500110457019,8.34215283561396e-05,0.005548171550591335,0.005081339397587074,0.0011728202275371514,0.0,0.0,rx+rz,4.0,9.0,0.00990480748275252,0.04078543074134701,0.03780340470782177,0.009332527375110054,0.003056423921013339,0.005964052067050493,0.009545593861895362
breast_cancer,ibm_marrakesh,2,A037,outer_pairs,2,4,7,0.0055623674759835255,0.0010863952168848922,0.006079142644532219,0.004942775305085671,0.0008841361275035246,0.0,0.0,ry+rz,4.0,7.0,0.01009384954042183,0.040271132650767476,0.03743488534002271,0.009332527375110054,0.003056423921013339,0.005672494621489525,0.009279589881987967
breast_cancer,ibm_marrakesh,2,A040,left_ladder,1,2,5,0.0038484915989992854,0.00040409812994955045,0.004166567803999804,0.003594862439102916,0.0006989368535759294,0.0,0.0,ry+rz,2.0,5.0,0.00495240374137626,0.025295609768637914,0.023514526004185486,0.006221684916740035,0.003056423921013339,0.0035621675289048567,0.005721845896150994
breast_cancer,ibm_marrakesh,2,A042,left_ladder,3,6,13,0.008121910417353415,0.00020715524984146616,0.008680167392437205,0.006279816348440603,0.000733212859543711,0.0,0.0,ry+rz,6.0,13.0,0.01485721122412878,0.05627525171405611,0.052092283411458044,0.01244336983348007,0.003056423921013339,0.008365936605196128,0.01336934182763973
breast_cancer,ibm_marrakesh,2,A045,right_ladder,2,4,9,0.003886718352440832,0.0002503584712152831,0.004201516464802418,0.002074799351810689,1.3100775420276286e-05,0.0,0.0,ry+rz,4.0,9.0,0.006455453752908012,0.03412297248349948,0.031269705859167635,0.009332527375110054,0.003056423921013339,0.005706533248663699,0.006718767561472526
breast_cancer,ibm_marrakesh,2,A047,right_ladder,4,8,17,0.003548541001176273,0.0007466819477870266,0.003933052319915275,0.0030037794895861705,0.0006127367922204354,0.0,0.0,ry+rz,8.0,17.0,0.012910907505816022,0.05844015617107014,0.05331376441778605,0.015554212291850087,0.003056423921013339,0.010252783506568176,0.011539437192538424
breast_cancer,ibm_marrakesh,2,A058,left_ladder,3,6,16,0.006135845172707277,0.0011733369291951406,0.007130254286820143,0.0037896786203313235,0.0007860726621532569,0.0,0.0,rx+ry+rz,6.0,16.0,0.01485721122412878,0.07652334633880253,0.07059995355006565,0.021775897208590127,0.003056423921013339,0.011846785577473791,0.019063635618859615
breast_cancer,ibm_marrakesh,2,A059,left_ladder,4,8,21,0.011634976427776453,0.0010467815180229558,0.012450085621309259,0.011506024613253896,0.0023523040710725592,0.0003534817956874677,0.0,rx+ry+rz,8.0,21.0,0.01980961496550504,0.09876253218642711,0.0910580556332378,0.027997582125330156,0.003056423921013339,0.015408953106378645,0.02478548151501061
breast_cancer,ibm_marrakesh,2,A063,right_ladder,4,8,21,0.005608997760950015,0.00126978323099205,0.006091168827742074,0.00494638003748088,0.0009799180081438753,0.0,0.0,rx+ry+rz,8.0,21.0,0.012910907505816022,0.08543761567073205,0.07799065793592952,0.027997582125330156,0.003056423921013339,0.01489391546960506,0.019131828914164938
breast_cancer,ibm_marrakesh,4,A000,full_chain,1,3,4,0.006408410418446516,4.728703719377984e-05,0.006815511608409846,0.004651847373182083,0.0003914749195061083,0.0,0.0,ry,3.0,4.0,0.006030028605962325,0.03203292549983365,0.02986847933317293,0.0037615796336370817,0.00636788828270304,0.004328892333321428,0.009380090477549058
breast_cancer,ibm_marrakesh,4,A003,full_chain,4,12,13,0.009907678889973801,0.001168811547721385,0.010639364939245175,0.009685912158797466,0.00178009860212545,0.0,0.0,ry,12.0,13.0,0.0241201144238493,0.0887133218143875,0.081916617212525,0.009403949084092705,0.00636788828270304,0.013593409203724998,0.02843125621815496
breast_cancer,ibm_marrakesh,4,A013,right_ladder,2,4,7,0.00571020641500887,0.00029471490821290344,0.006062654489378368,0.00481063027844177,0.0006645542083478645,0.0,0.0,ry,4.0,7.0,0.00820286146689209,0.04135572086011709,0.03840864171242703,0.005642369450455623,0.00636788828270304,0.0058941582953801145,0.012301364216996163
breast_cancer,ibm_marrakesh,4,A015,right_ladder,4,8,13,0.006245222030939096,0.0011795781612507137,0.006774015506912472,0.004916224906553672,0.0007142346337522115,0.0,0.0,ry,8.0,13.0,0.01640572293378418,0.06957198165858515,0.06429818338479848,0.009403949084092705,0.00636788828270304,0.010547596547573325,0.02157302653664523
breast_cancer,ibm_marrakesh,4,A018,full_chain,3,9,13,0.007373299061870103,0.00047129791703322683,0.007991797501096102,0.007238286218541686,0.0016507612957639972,0.0,0.0,rx+rz,9.0,13.0,0.01809008581788698,0.06981985637620289,0.06456723791940765,0.0075231592672741635,0.00636788828270304,0.010505236913590475,0.022080867637952993
breast_cancer,ibm_marrakesh,4,A020,outer_pairs,1,2,4,0.004993026546661005,4.420299163719681e-05,0.00553472531118972,0.004873872644166388,0.001105983252927184,0.0,0.0,rx+rz,2.0,4.0,0.004357869329029842,0.028887973022745227,0.027061357403608953,0.0037615796336370817,0.00636788828270304,0.003653231238272553,0.008920788919966435
breast_cancer,ibm_marrakesh,4,A022,outer_pairs,3,6,10,0.006796148529158654,0.00038114063307534743,0.007438744830593339,0.006975878989009625,0.0017764402651178253,0.0,0.0,rx+rz,6.0,10.0,0.013073607987089526,0.06038499894493764,0.05614587213071571,0.0075231592672741635,0.00636788828270304,0.00847825362844385,0.02070296296520513
breast_cancer,ibm_marrakesh,4,A025,left_ladder,2,4,9,0.0061351831082630025,9.4567355342555e-05,0.0067189871632799105,0.006150348441654556,0.001422157936737144,0.0,0.0,rx+rz,4.0,9.0,0.007201514298897527,0.042543178651619024,0.03924498432775188,0.005642369450455623,0.00636788828270304,0.0065963886477343,0.013436823647961383
breast_cancer,ibm_marrakesh,4,A037,outer_pairs,2,4,7,0.006700571046617918,0.0012802726786153493,0.007319832148243406,0.00597685008226978,0.0010806845771732059,0.0,0.0,ry+rz,4.0,7.0,0.008715738658059684,0.044636485983841435,0.04160361476716233,0.005642369450455623,0.00636788828270304,0.0060657424333582025,0.014811875942585784
breast_cancer,ibm_marrakesh,4,A040,left_ladder,1,2,5,0.005421017608672475,0.0005482191962081703,0.005879266366682904,0.005076090500592008,0.0009914648568375335,0.0,0.0,ry+rz,2.0,5.0,0.0036007571494487637,0.027841319356634024,0.025882042183903727,0.0037615796336370817,0.00636788828270304,0.003918554345460602,0.008233262772654237
breast_cancer,ibm_marrakesh,4,A042,left_ladder,3,6,13,0.008923385201743015,0.0002280263039670546,0.009540314812662147,0.006899632875226658,0.0008098721123242225,0.0,0.0,ry+rz,6.0,13.0,0.010802271448346291,0.05724503794660403,0.05260792647160002,0.0075231592672741635,0.00636788828270304,0.009274222950007998,0.018640384523268532
breast_cancer,ibm_marrakesh,4,A045,right_ladder,2,4,9,0.006207819518215419,0.000293982039351198,0.006677226021732762,0.003548921414059473,0.00011447334951882049,0.0,0.0,ry+rz,4.0,9.0,0.00820286146689209,0.04135572086011709,0.03840864171242703,0.005642369450455623,0.00636788828270304,0.0058941582953801145,0.012301364216996163
breast_cancer,ibm_marrakesh,4,A047,right_ladder,4,8,17,0.005382551984769696,0.0010482747432851607,0.005969813611395228,0.004579523277756514,0.0009425970522105495,0.0,0.0,ry+rz,8.0,17.0,0.01640572293378418,0.06957198165858515,0.06429818338479848,0.009403949084092705,0.00636788828270304,0.010547596547573325,0.02157302653664523
breast_cancer,ibm_marrakesh,4,A058,left_ladder,3,6,16,0.006605160738988959,0.0012995052578575177,0.007663611136576472,0.004203293160606562,0.0009041181179504088,0.0,0.0,rx+ry+rz,6.0,16.0,0.010802271448346291,0.077559753283442,0.07106156174365763,0.013165528717729788,0.00636788828270304,0.012996383079568711,0.0277294902153098
breast_cancer,ibm_marrakesh,4,A059,left_ladder,4,8,21,0.011898558688426202,0.0010640355253378711,0.012745576339077106,0.011744915968273187,0.0024045276216584227,0.0003534817956874677,0.0,rx+ry+rz,8.0,21.0,0.014403028597795055,0.09903318435737299,0.09057571564485833,0.01692710835136687,0.00636788828270304,0.016914937425029315,0.035962752987964045
breast_cancer,ibm_marrakesh,4,A063,right_ladder,4,8,21,0.0074613317089937264,0.001592841918667828,0.008099593265356697,0.00663262477632881,0.0013246235938046507,0.0,0.0,rx+ry+rz,8.0,21.0,0.01640572293378418,0.09665826877436912,0.08890303041420863,0.01692710835136687,0.00636788828270304,0.015510476720320944,0.0336918341260336
breast_cancer,ibm_marrakesh,7,A000,full_chain,1,3,4,0.006505460889699367,4.5612206916901286e-05,0.006905896794046742,0.0047673863133413374,0.0004177150175968027,0.0,0.0,ry,3.0,4.0,0.005961328633498286,0.028633122693029495,0.026778822018268124,0.004776575145201337,0.005876608488985042,0.0037086013495227464,0.006455708401060713
breast_cancer,ibm_marrakesh,7,A003,full_chain,4,12,13,0.011216907287682277,0.0011928484763796448,0.012020904772096908,0.011082503517740946,0.0020697964357822333,0.0,0.0,ry,12.0,13.0,0.023845314533993148,0.07872136541251341,0.07291722131180614,0.011941437863003343,0.005876608488985042,0.01160828820141454,0.01964557222441007
breast_cancer,ibm_marrakesh,7,A013,right_ladder,2,4,7,0.005339769567235794,0.0002765413556588924,0.005666684478024773,0.004513107615855309,0.0006254028893253513,0.0,0.0,ry,4.0,7.0,0.00512973415988218,0.03395527977768528,0.031309359742287275,0.0071648627178020055,0.005876608488985042,0.005291840070796023,0.007846314304822027
breast_cancer,ibm_marrakesh,7,A015,right_ladder,4,8,13,0.0058776100955057935,0.0010943672741441275,0.006372140870627023,0.0046298866467993265,0.0006702979018147204,0.0,0.0,ry,8.0,13.0,0.010259468319764362,0.05597351776883572,0.05121936389748577,0.011941437863003343,0.005876608488985042,0.009508307742699899,0.013633541483033126
breast_cancer,ibm_marrakesh,7,A018,full_chain,3,9,13,0.008202045474708135,0.00046850684265165374,0.008931990948053373,0.0080537148377511,0.0018208847874139529,0.0,0.0,rx+rz,9.0,13.0,0.01788398590049486,0.06202528450601877,0.057537754880626804,0.009553150290402674,0.005876608488985042,0.008975059250783943,0.015248950949960286
breast_cancer,ibm_marrakesh,7,A020,outer_pairs,1,2,4,0.005089080661280707,4.524531699318219e-05,0.005655730329322986,0.004942909867232541,0.001111406519939545,0.0,0.0,rx+rz,2.0,4.0,0.004662490201670329,0.02612810291487365,0.02454491577206021,0.004776575145201337,0.005876608488985042,0.003166374285626882,0.00606286765057662
breast_cancer,ibm_marrakesh,7,A022,outer_pairs,3,6,10,0.0075966024862334685,0.0004173411295804822,0.008366016975588716,0.007763382803436229,0.0019539621857361474,0.0,0.0,rx+rz,6.0,10.0,0.013987470605010984,0.054510225171551234,0.05083603614200306,0.009553150290402674,0.005876608488985042,0.007348378059096351,0.014070428698508008
breast_cancer,ibm_marrakesh,7,A025,left_ladder,2,4,9,0.006607856881455755,9.404731722849228e-05,0.00726466874840328,0.006593380317007865,0.0015084608765784473,0.0,0.0,rx+rz,4.0,9.0,0.009390599970770307,0.04044187175978504,0.037761590982872295,0.0071648627178020055,0.005876608488985042,0.005360561553825496,0.009968958251489442
breast_cancer,ibm_marrakesh,7,A037,outer_pairs,2,4,7,0.007202820434752725,0.0013347272573264986,0.00787032898280864,0.006424375719721691,0.0011630374978462699,0.0,0.0,ry+rz,4.0,7.0,0.009324980403340656,0.04031916404321244,0.037690475957031636,0.0071648627178020055,0.005876608488985042,0.005257376172361617,0.010066648174542312
breast_cancer,ibm_marrakesh,7,A040,left_ladder,1,2,5,0.005515493378406129,0.0005469426964931337,0.005992410578294087,0.005160969825423208,0.001003213805170609,0.0,0.0,ry+rz,2.0,5.0,0.004695299985385154,0.02618945677315995,0.024580473284980538,0.004776575145201337,0.005876608488985042,0.0032179669763588215,0.006014022689050184
breast_cancer,ibm_marrakesh,7,A042,left_ladder,3,6,13,0.009873468847229143,0.0002756462067311349,0.010523862758509207,0.007813813844747533,0.0009696986639347871,0.0,0.0,ry+rz,6.0,13.0,0.014085899956155461,0.05469428674641012,0.05094270868076405,0.009553150290402674,0.005876608488985042,0.0075031561312921685,0.0139238938139287
breast_cancer,ibm_marrakesh,7,A045,right_ladder,2,4,9,0.005800149210711352,0.0002693844194273792,0.0062300704042996015,0.003345137786254282,0.00011854153525011717,0.0,0.0,ry+rz,4.0,9.0,0.00512973415988218,0.03395527977768528,0.031309359742287275,0.0071648627178020055,0.005876608488985042,0.005291840070796023,0.007846314304822027
breast_cancer,ibm_marrakesh,7,A047,right_ladder,4,8,17,0.005081482010728946,0.0009678487034183443,0.005648345386627175,0.004284632918423366,0.0008690084164090645,0.0,0.0,ry+rz,8.0,17.0,0.010259468319764362,0.05597351776883572,0.05121936389748577,0.011941437863003343,0.005876608488985042,0.009508307742699899,0.013633541483033126
breast_cancer,ibm_marrakesh,7,A058,left_ladder,3,6,16,0.007403038727129642,0.0013122513455834288,0.008635844788984647,0.004532321146645479,0.0009241211984339776,0.0,0.0,rx+ry+rz,6.0,16.0,0.014085899956155461,0.07287558663905959,0.06751094997507529,0.01671801300820468,0.005876608488985042,0.010729273327968615,0.02010115519376148
breast_cancer,ibm_marrakesh,7,A059,left_ladder,4,8,21,0.013084281222776143,0.0010683386778024707,0.013979861284830489,0.013039342604866408,0.0026864877246753857,0.0003534817956874677,0.0,rx+ry+rz,8.0,21.0,0.018781199941540615,0.09318843492323448,0.08621481477107078,0.021494588153406016,0.005876608488985042,0.013947240304327434,0.02611517788281167
breast_cancer,ibm_marrakesh,7,A063,right_ladder,4,8,21,0.007066032952424531,0.0014931768596217073,0.007678421914816095,0.006276236097329117,0.0012391398763327566,0.0,0.0,rx+ry+rz,8.0,21.0,0.010259468319764362,0.08021525095903499,0.07331035228990075,0.021494588153406016,0.005876608488985042,0.013809797338268493,0.021869889989476834
digits_01,ibm_fez,0,A000,full_chain,1,3,4,0.014588241591159859,0.0025715374880103683,0.01687000069238834,-0.025463769082416748,-0.001658773613752949,0.0,0.0,ry,3.0,4.0,0.018218662768356427,0.06371821292605209,0.05988191340041049,0.012846211328114024,0.016616789502093072,0.007672599051283221,0.004527650750563749
digits_01,ibm_fez,0,A003,full_chain,4,12,13,0.038332995347840126,0.007206089234916755,0.04156367253722825,0.029952690508581393,0.004846963712374079,0.0003255208333333333,0.0,ry,12.0,13.0,0.07287465107342571,0.1734667316212897,0.16107365227373116,0.03211552832028506,0.016616789502093072,0.024786158695117078,0.01468052468281023
digits_01,ibm_fez,0,A013,right_ladder,2,4,7,0.014405916722501055,0.0036643545176870194,0.016101688713836063,-0.009193456720523796,-0.00026414699470835024,0.0,0.0,ry,4.0,7.0,0.01022577222965498,0.06655378904786732,0.06171524618366427,0.019269316992171034,0.016616789502093072,0.009677085728406096,0.00592628173133909
digits_01,ibm_fez,0,A015,right_ladder,4,8,13,0.018110605262640998,0.005671566603939134,0.020180157144796308,-0.097370960511309,-0.002895448245216476,0.0,0.0,ry,8.0,13.0,0.02045154445930996,0.10597220473476174,0.09727915859135827,0.03211552832028506,0.016616789502093072,0.01738609228680692,0.01070920402286326
digits_01,ibm_fez,0,A018,full_chain,3,9,13,0.02020859608150161,0.0017515372017202872,0.023717094171113468,-0.008993304362362934,-0.000967691169646188,0.0,0.005208333333333333,rx+rz,9.0,13.0,0.054655988305069285,0.1368838920562105,0.12734307264929093,0.025692422656228047,0.016616789502093072,0.019081638813839126,0.011296233372061402
digits_01,ibm_fez,0,A020,outer_pairs,1,2,4,0.011968810141483105,0.0011072323426292024,0.014109441730496672,-0.01049175717755694,-0.0012394335434548858,0.0,-0.015625,rx+rz,2.0,4.0,0.015231770392419753,0.058687655054938184,0.05532551980617918,0.012846211328114024,0.016616789502093072,0.00672427049751801,0.003906478086034323
digits_01,ibm_fez,0,A022,outer_pairs,3,6,10,0.02180781176844994,0.00014145321635602377,0.02528417455743147,-0.002895335109167063,0.0006391017660824968,0.0003255208333333333,0.005208333333333333,rx+rz,6.0,10.0,0.04569531117725926,0.12179221844286872,0.11367389186659699,0.025692422656228047,0.016616789502093072,0.016236653152543492,0.009432715378473122
digits_01,ibm_fez,0,A025,left_ladder,2,4,9,0.017290801199869078,0.00042441276450156523,0.020354067968623175,-0.020052428165276526,-0.0022625949199783224,0.0,0.0,rx+rz,4.0,9.0,0.03218533805893122,0.09198092026422441,0.08623045635337376,0.019269316992171034,0.016616789502093072,0.011500927821701316,0.00665808397847711
digits_01,ibm_fez,0,A037,outer_pairs,2,4,7,0.017751912689948416,0.0024712878793658227,0.020933209347355385,-0.023973582848745362,-0.0029019238830094163,0.0,0.005208333333333333,ry+rz,4.0,7.0,0.030463540784839507,0.09023993674890346,0.08449970583638808,0.019269316992171034,0.016616789502093072,0.01148046182503075,0.006669596732253721
digits_01,ibm_fez,0,A040,left_ladder,1,2,5,0.0194261827709369,0.0057018562741230116,0.020948139502546956,0.007717620886578264,0.0011746658886009412,0.0,0.0,ry+rz,2.0,5.0,0.01609266902946561,0.059558146812598654,0.05619089506467201,0.012846211328114024,0.016616789502093072,0.006734503495853293,0.0039007217091460164
digits_01,ibm_fez,0,A042,left_ladder,3,6,13,0.029979418757982768,0.0070884027701433455,0.03311124738805574,0.00739833550973575,0.0025467725520763366,0.0,-0.005208333333333333,ry+rz,6.0,13.0,0.048278007088396836,0.12440369371585017,0.1162700176420755,0.025692422656228047,0.016616789502093072,0.01626735214754934,0.009415446247808202
digits_01,ibm_fez,0,A045,right_ladder,2,4,9,0.01656208335190863,0.0022403200824924114,0.017999930149395823,0.012804005169582716,0.001766701646098499,0.0,0.0,ry+rz,4.0,9.0,0.01022577222965498,0.06655378904786732,0.06171524618366427,0.019269316992171034,0.016616789502093072,0.009677085728406096,0.00592628173133909
digits_01,ibm_fez,0,A047,right_ladder,4,8,17,0.019605492110509888,0.005042147874484286,0.0214059588393417,0.005952695429629257,0.0010071581416199505,0.0,0.0,ry+rz,8.0,17.0,0.02045154445930996,0.10597220473476174,0.09727915859135827,0.03211552832028506,0.016616789502093072,0.01738609228680692,0.01070920402286326
digits_01,ibm_fez,0,A058,left_ladder,3,6,16,0.02453588839618166,0.004959327465915039,0.02863801636659136,-0.0017548634961588316,0.00023676849651162643,0.0,-0.005208333333333333,rx+ry+rz,6.0,16.0,0.048278007088396836,0.15595944529248967,0.1448736504637071,0.044961739648399085,0.016616789502093072,0.022171589657565154,0.012845524567252976
digits_01,ibm_fez,0,A059,left_ladder,4,8,21,0.03408299954012362,0.017731210125539534,0.03848703953919034,0.009780284203471388,0.0009430047062514713,0.0006510416666666666,0.0,rx+ry+rz,8.0,21.0,0.06437067611786244,0.1989008026029953,0.18444775602628605,0.05780795097651311,0.016616789502093072,0.02890609315341845,0.01674624627639899
digits_01,ibm_fez,0,A063,right_ladder,4,8,21,0.017762573710871903,0.002063865344886239,0.02104968633503809,-0.022696768983973364,-0.0035493228995213586,0.0,0.0,rx+ry+rz,8.0,21.0,0.02045154445930996,0.1480465401702811,0.1354173356868671,0.05780795097651311,0.016616789502093072,0.025258408966828006,0.015282641782122953
digits_01,ibm_fez,2,A000,full_chain,1,3,4,0.013271344189477825,0.002334268030360091,0.0153512580293981,-0.024089853615582506,-0.0015362491827251347,0.0,0.0,ry,3.0,4.0,0.01759325796063772,0.06059128376263195,0.05673120733661436,0.012948502319390447,0.013889965799580422,0.007720152852035193,0.004579328404970578
digits_01,ibm_fez,2,A003,full_chain,4,12,13,0.03686154242789883,0.006924391565496483,0.03998534843354428,0.028759003010800244,0.004608912268960062,0.0003255208333333333,0.0,ry,12.0,13.0,0.07037303184255086,0.16859740374925425,0.15617070242603323,0.03237125579847612,0.013889965799580422,0.02485340264644209,0.014683046338983728
digits_01,ibm_fez,2,A013,right_ladder,2,4,7,0.012677013872878881,0.0032153156628801087,0.014179284719781715,-0.00865626558668455,-0.00025519983803868235,0.0,0.0,ry,4.0,7.0,0.008058799669479094,0.06172145501416043,0.056846059830420084,0.01942275347908567,0.013889965799580422,0.009750790367480697,0.0057237505147942035
digits_01,ibm_fez,2,A015,right_ladder,4,8,13,0.01627897961350434,0.005113921755676427,0.01813951303810102,-0.0948004644115392,-0.0026268390095255598,0.0,0.0,ry,8.0,13.0,0.016117599338958188,0.0988536662612297,0.09010741068736544,0.03237125579847612,0.013889965799580422,0.017492511147728502,0.010236078602622213
digits_01,ibm_fez,2,A018,full_chain,3,9,13,0.019233783442503344,0.0016563861666628707,0.02257873904122265,-0.008725599876329149,-0.0009523000221941894,0.0,0.005208333333333333,rx+rz,9.0,13.0,0.05277977388191315,0.1325953637537135,0.1230242040628936,0.025897004638780894,0.013889965799580422,0.01914231938163979,0.011315140360979343
digits_01,ibm_fez,2,A020,outer_pairs,1,2,4,0.010891422324489662,0.0010047853409636926,0.012841593333297138,-0.009738082637473408,-0.0011496679143902695,0.0,-0.015625,rx+rz,2.0,4.0,0.015449077393963246,0.056723053772970544,0.053290893228114346,0.012948502319390447,0.013889965799580422,0.006864321089712398,0.004139026625467836
digits_01,ibm_fez,2,A022,outer_pairs,3,6,10,0.020762471810415732,0.00013782600818743496,0.02408128859214272,-0.0028485972737610776,0.000601457697889283,0.0003255208333333333,0.005208333333333333,rx+rz,6.0,10.0,0.046347232181889735,0.12099067378472927,0.11270326173739356,0.025897004638780894,0.013889965799580422,0.0165748240946714,0.009994235022471118
digits_01,ibm_fez,2,A025,left_ladder,2,4,9,0.01618388058480476,0.0003961895097153239,0.019057064442662794,-0.019093793427125288,-0.002146658729980516,0.0,0.0,rx+rz,4.0,9.0,0.03141607738514529,0.08859612842544783,0.0828864694075973,0.01942275347908567,0.013889965799580422,0.011419318035701074,0.006738354708084829
digits_01,ibm_fez,2,A037,outer_pairs,2,4,7,0.016615061555880956,0.0023045273804890142,0.01960497277921967,-0.022922483337334137,-0.0027585588202502878,-0.0003255208333333333,0.005208333333333333,ry+rz,4.0,7.0,0.030898154787926492,0.08885686377884991,0.08299707748275396,0.01942275347908567,0.013889965799580422,0.011719572592191897,0.007066630823969477
digits_01,ibm_fez,2,A040,left_ladder,1,2,5,0.01767699317172204,0.005194284214293449,0.019067872237426536,0.006869504255654755,0.0010338693947770765,0.0,0.0,ry+rz,2.0,5.0,0.015708038692572646,0.0565926860962695,0.053235589190536,0.012948502319390447,0.013889965799580422,0.006714193811466986,0.003974888567525512
digits_01,ibm_fez,2,A042,left_ladder,3,6,13,0.02851556427848957,0.006736631643825797,0.031509182055472984,0.006753108987518862,0.002386773057952258,0.0,-0.005208333333333333,ry+rz,6.0,13.0,0.04712411607771794,0.12059957075462614,0.11253734962465856,0.025897004638780894,0.013889965799580422,0.016124442259935166,0.009501820848644146
digits_01,ibm_fez,2,A045,right_ladder,2,4,9,0.01456704942257074,0.0019696238218902236,0.015849675656258423,0.011258249760028214,0.001532549338547351,0.0,0.0,ry+rz,4.0,9.0,0.008058799669479094,0.06172145501416043,0.056846059830420084,0.01942275347908567,0.013889965799580422,0.009750790367480697,0.0057237505147942035
digits_01,ibm_fez,2,A047,right_ladder,4,8,17,0.017566173075129685,0.004516923852699247,0.019197475307497044,0.0051676256536538345,0.0008753755426862247,0.0,0.0,ry+rz,8.0,17.0,0.016117599338958188,0.0988536662612297,0.09010741068736544,0.03237125579847612,0.013889965799580422,0.017492511147728502,0.010236078602622213
digits_01,ibm_fez,2,A058,left_ladder,3,6,16,0.02340737528364105,0.004702008619583084,0.027330479667152508,-0.001809081038573394,0.00018823563170518773,0.0003255208333333333,-0.005208333333333333,rx+ry+rz,6.0,16.0,0.04712411607771794,0.15269740465715845,0.14162157914634152,0.045319758117866565,0.013889965799580422,0.022151651021633856,0.013136088129542733
digits_01,ibm_fez,2,A059,left_ladder,4,8,21,0.032866320321749,0.017171992736470666,0.037112087276555024,0.009340368298088153,0.0008508860053555537,0.0003255208333333333,0.0,rx+ry+rz,8.0,21.0,0.06283215477029058,0.1954001249538475,0.1809672025372971,0.05826826043725701,0.013889965799580422,0.02886584483310084,0.017110976697068247
digits_01,ibm_fez,2,A063,right_ladder,4,8,21,0.01622971088877039,0.0018697585308316226,0.01925476207231512,-0.021220821829968834,-0.0033211892547683384,0.0,0.0,rx+ry+rz,8.0,21.0,0.016117599338958188,0.14165077813127275,0.1288863833829427,0.05826826043725701,0.013889965799580422,0.02552878949666009,0.015081768310486996
digits_01,ibm_fez,4,A000,full_chain,1,3,4,0.011885148712447507,0.0022269051227439035,0.013734841302958663,-0.022361474774618306,-0.0013617060880556549,-0.0003255208333333333,0.0,ry,3.0,4.0,0.014831652316696696,0.06295881764760299,0.05972343245190175,0.010894996546543549,0.013271268755777393,0.006470770391402478,0.014254744441481636
digits_01,ibm_fez,4,A003,full_chain,4,12,13,0.032744036181216345,0.006452109425634284,0.03534123353129762,0.02675219925218907,0.004549705759893091,0.0003255208333333333,0.0,ry,12.0,13.0,0.059326609266786776,0.1758549056648327,0.16545202106960605,0.02723749136635887,0.013271268755777393,0.020805769190453273,0.04481088249022973
digits_01,ibm_fez,4,A013,right_ladder,2,4,7,0.012245960549534605,0.0033819861115837965,0.01361626145243465,-0.007715067210179273,-5.297366711341789e-05,-0.0003255208333333333,0.0,ry,4.0,7.0,0.009711811213757656,0.06537808360677222,0.06134251028693261,0.01634249481981532,0.013271268755777393,0.008071146639679236,0.013945788857903004
digits_01,ibm_fez,4,A015,right_ladder,4,8,13,0.01660381426053295,0.006191405224743088,0.018346752122097697,-0.09242945956695468,-0.002362966050768587,-0.0003255208333333333,0.0,ry,8.0,13.0,0.019423622427515313,0.10542937890501802,0.09820445099453157,0.02723749136635887,0.013271268755777393,0.014449855820972924,0.023822212623907067
digits_01,ibm_fez,4,A018,full_chain,3,9,13,0.016375988999642533,0.0014257034191873213,0.019205160140575103,-0.007462933035945733,-0.00073089218063536,0.0009765625,0.005208333333333333,rx+rz,9.0,13.0,0.044494956950090085,0.1382228763257561,0.13020915819703793,0.021789993093087098,0.013271268755777393,0.016027436257436342,0.03462550314064703
digits_01,ibm_fez,4,A020,outer_pairs,1,2,4,0.0096550316582918,0.0008898779602403941,0.011385118766245974,-0.008839857099625833,-0.0010382337389667484,0.0,-0.010416666666666666,rx+rz,2.0,4.0,0.012289586780232951,0.05903325812076787,0.05614201079602589,0.010894996546543549,0.013271268755777393,0.005782494649483959,0.013903664063988042
digits_01,ibm_fez,4,A022,outer_pairs,3,6,10,0.01801674748113136,0.00011840964430862991,0.02086966636006768,-0.0018179308762648616,0.0008634690258753722,0.0003255208333333333,0.005208333333333333,rx+rz,6.0,10.0,0.03686876034069885,0.12644619774525076,0.11946489322941037,0.021789993093087098,0.013271268755777393,0.01396260903168078,0.03357226200816625
digits_01,ibm_fez,4,A025,left_ladder,2,4,9,0.013970787799065696,0.0003411972932134208,0.01645402760141469,-0.017041770463531874,-0.0018802731217547146,0.0003255208333333333,0.0,rx+rz,4.0,9.0,0.025035624492563222,0.09250170984760206,0.08768579957573513,0.01634249481981532,0.013271268755777393,0.009631820543733858,0.023404590963845333
digits_01,ibm_fez,4,A037,outer_pairs,2,4,7,0.014355664910439691,0.00199648720231017,0.016965703732600364,-0.020888364108603324,-0.002535525709800396,-0.0003255208333333333,0.005208333333333333,ry+rz,4.0,7.0,0.024579173560465902,0.0927397279330093,0.08780345201271812,0.01634249481981532,0.013271268755777393,0.009872551840582368,0.023737963036077146
digits_01,ibm_fez,4,A040,left_ladder,1,2,5,0.01623812084801717,0.0051564786898793125,0.017472233838682707,0.006606555597889234,0.0010167569707347293,0.0,0.0,ry+rz,2.0,5.0,0.012517812246281611,0.05891424907806425,0.05608318457753439,0.010894996546543549,0.013271268755777393,0.005662129001059703,0.013736978027872136
digits_01,ibm_fez,4,A042,left_ladder,3,6,13,0.024956328923169683,0.005747519195300781,0.02755533115744439,0.006411636022349158,0.0024500859513895113,0.001953125,0.0,ry+rz,6.0,13.0,0.037553436738844835,0.12608917061713987,0.11928841457393587,0.021789993093087098,0.013271268755777393,0.013601512086408014,0.033072203899818534
digits_01,ibm_fez,4,A045,right_ladder,2,4,9,0.014214928303743992,0.002066846194208394,0.015385013004335035,0.01162858616773868,0.0017737513033916862,0.0013020833333333333,0.0,ry+rz,4.0,9.0,0.009711811213757656,0.06537808360677222,0.06134251028693261,0.01634249481981532,0.013271268755777393,0.008071146639679236,0.013945788857903004
digits_01,ibm_fez,4,A047,right_ladder,4,8,17,0.01734129432729353,0.005137345999292616,0.018814412181041257,0.006375894715065444,0.001259469381122533,0.0003255208333333333,0.0,ry+rz,8.0,17.0,0.019423622427515313,0.10542937890501802,0.09820445099453157,0.02723749136635887,0.013271268755777393,0.014449855820972924,0.023822212623907067
digits_01,ibm_fez,4,A058,left_ladder,3,6,16,0.020707816472826143,0.004233643905111739,0.02413482327917152,-0.0009267645548688049,0.0004789135272308398,0.0009765625,-0.005208333333333333,rx+ry+rz,6.0,16.0,0.037553436738844835,0.16225572927538698,0.15291631704460465,0.03813248791290241,0.013271268755777393,0.018678824461564658,0.04528029917551535
digits_01,ibm_fez,4,A059,left_ladder,4,8,21,0.03072992583180283,0.019392441567378876,0.03445166996078787,0.010968054602760818,0.001341134004824114,0.0006510416666666666,0.0,rx+ry+rz,8.0,21.0,0.050071248985126444,0.20789870959767381,0.19572823286636165,0.04902748445944597,0.013271268755777393,0.024340953462624368,0.05901727720338749
digits_01,ibm_fez,4,A063,right_ladder,4,8,21,0.014675711597226478,0.0017773977077133048,0.017504234340598373,-0.02124880784444801,-0.0036582049556935503,-0.0009765625,-0.005208333333333333,rx+ry+rz,8.0,21.0,0.019423622427515313,0.1536514571160142,0.14304165428875662,0.04902748445944597,0.013271268755777393,0.021219605654515118,0.04009967299150283
digits_01,ibm_fez,7,A000,full_chain,1,3,4,0.010885332333399647,0.0018946453292819324,0.012600929796685902,-0.021347780476593765,-0.0013037915303225993,0.0,0.0,ry,3.0,4.0,0.010424082802984125,0.046949288447743986,0.04381762857882457,0.008922607674903,0.014013751155930846,0.006263319737838831,0.004193867207167764
digits_01,ibm_fez,7,A003,full_chain,4,12,13,0.025831600988347445,0.004716750043784615,0.02816368237047166,0.019792221478757754,0.0029085924124630075,0.0003255208333333333,0.0,ry,12.0,13.0,0.041696331211936506,0.1217801881285672,0.11168807349778953,0.0223065191872575,0.014013751155930846,0.02018422926155536,0.013487242681109311
digits_01,ibm_fez,7,A013,right_ladder,2,4,7,0.011468573992133912,0.0028947333946155985,0.012835025234575768,-0.008264539474298097,-0.0002546154122651384,0.0,0.0,ry,4.0,7.0,0.008054935797451136,0.05180842929157379,0.04807067283768225,0.013383911512354503,0.014013751155930846,0.00747551290778307,0.0051425614641627026
digits_01,ibm_fez,7,A015,right_ladder,4,8,13,0.014172420499573039,0.00440306071607735,0.01580165318560017,-0.09172954380331698,-0.0023327490781718855,0.0,0.0,ry,8.0,13.0,0.01610987159490227,0.08161120336234468,0.07494719873619493,0.0223065191872575,0.014013751155930846,0.013328009252299485,0.009189047545804824
digits_01,ibm_fez,7,A018,full_chain,3,9,13,0.01403724208258999,0.0011787467810179335,0.016495922759395446,-0.007054391789560688,-0.0008266405586041248,0.0,0.005208333333333333,rx+rz,9.0,13.0,0.03127224840895238,0.09683655490162613,0.08906459185813455,0.017845215349806,0.014013751155930846,0.015543926086983184,0.010389450856462128
digits_01,ibm_fez,7,A020,outer_pairs,1,2,4,0.008947622304747575,0.0008228320224617894,0.010555171989831559,-0.008296498612111272,-0.0009761663768354892,0.0,-0.010416666666666666,rx+rz,2.0,4.0,0.008105396978790017,0.043104639919977476,0.04033198662439694,0.008922607674903,0.014013751155930846,0.00554530659116108,0.003744924223611992
digits_01,ibm_fez,7,A022,outer_pairs,3,6,10,0.015059921094700906,0.00012628144544863998,0.017515273410025078,-0.0027434139963129676,0.0002905041269103588,0.0003255208333333333,0.005208333333333333,rx+rz,6.0,10.0,0.024316190936370052,0.0853026093183266,0.07860766599485164,0.017845215349806,0.014013751155930846,0.013389886646949931,0.009042621905794811
digits_01,ibm_fez,7,A025,left_ladder,2,4,9,0.012301225321833314,0.00029954665087596975,0.014511302670981614,-0.01544331781047048,-0.0017137192597631672,0.0,0.0,rx+rz,4.0,9.0,0.017430601456905333,0.06576325278919135,0.06089665979529963,0.013383911512354503,0.014013751155930846,0.00973318598778341,0.006335209682325538
digits_01,ibm_fez,7,A037,outer_pairs,2,4,7,0.012633479750916962,0.0017265594946205324,0.014941810743035244,-0.018772883741160762,-0.0021855886117495837,-0.0003255208333333333,0.005208333333333333,ry+rz,4.0,7.0,0.016210793957580034,0.06420362461915202,0.05946982630962428,0.013383911512354503,0.014013751155930846,0.009467596619055503,0.006393773064703401
digits_01,ibm_fez,7,A040,left_ladder,1,2,5,0.014464440237565069,0.004220882367802707,0.01561758722127229,0.005332890148673858,0.0007837840708700498,0.0,0.0,ry+rz,2.0,5.0,0.008715300728452667,0.04388445400499713,0.04104540336723461,0.008922607674903,0.014013751155930846,0.005678101275525034,0.0037156425324230595
digits_01,ibm_fez,7,A042,left_ladder,3,6,13,0.020562799011194302,0.004788794170121679,0.02280207961361221,0.00343382454577996,0.0015288379227096222,0.0,-0.005208333333333333,ry+rz,6.0,13.0,0.026145902185358002,0.08764205157338555,0.08074791622336466,0.017845215349806,0.014013751155930846,0.013788270700041788,0.008954776832228015
digits_01,ibm_fez,7,A045,right_ladder,2,4,9,0.013169945663609281,0.0017750684024235117,0.014339942034985157,0.010140012620649869,0.001357239269261452,0.0,0.0,ry+rz,4.0,9.0,0.008054935797451136,0.05180842929157379,0.04807067283768225,0.013383911512354503,0.014013751155930846,0.00747551290778307,0.0051425614641627026
digits_01,ibm_fez,7,A047,right_ladder,4,8,17,0.01528458452878312,0.0038911604968665265,0.016725703196678907,0.004228091304707406,0.0007072834778888865,0.0,0.0,ry+rz,8.0,17.0,0.01610987159490227,0.08161120336234468,0.07494719873619493,0.0223065191872575,0.014013751155930846,0.013328009252299485,0.009189047545804824
digits_01,ibm_fez,7,A058,left_ladder,3,6,16,0.017204936211353085,0.0032813990434330115,0.0201575708381706,-0.0019975913508043877,-5.2991655953108875e-05,0.0,-0.005208333333333333,rx+ry+rz,6.0,16.0,0.026145902185358002,0.11161776376800175,0.10228910357308088,0.031229126862160502,0.014013751155930846,0.01865732038984176,0.012243002979789764
digits_01,ibm_fez,7,A059,left_ladder,4,8,21,0.023671742209952454,0.01208659272526767,0.026770038887805547,0.006066305765297588,0.00030748386024107244,0.0003255208333333333,0.0,rx+ry+rz,8.0,21.0,0.03486120291381067,0.14148846661706804,0.12932075578438465,0.040151734537063506,0.014013751155930846,0.0243354216653668,0.015958645512212825
digits_01,ibm_fez,7,A063,right_ladder,4,8,21,0.013628262044889943,0.001550941692334874,0.016182630300460982,-0.01836517928695436,-0.0028339844437330897,0.0,-0.005208333333333333,rx+ry+rz,8.0,21.0,0.01610987159490227,0.11357881962183294,0.10366878186914989,0.040151734537063506,0.014013751155930846,0.019820075505366117,0.013573349075887156
digits_01,ibm_kingston,0,A000,full_chain,1,3,4,0.0070062012233290324,0.0012549127617285396,0.00809392785556416,-0.015981045397328326,-0.0008591050575907552,0.0,0.0,ry,3.0,4.0,0.0057621587316368916,0.03510238373173163,0.032277953347787554,0.005581899753922511,0.01178795575204224,0.005648860767888137,0.003497078342297775
digits_01,ibm_kingston,0,A003,full_chain,4,12,13,0.012796824436409164,0.0023949930505841334,0.01385387694261886,0.009599796381077478,0.0012686956170714938,0.0003255208333333333,0.0,ry,12.0,13.0,0.023048634926547566,0.08661807206370575,0.07774821729328668,0.01395474938480628,0.01178795575204224,0.01773970954083813,0.011217167689052475
digits_01,ibm_kingston,0,A013,right_ladder,2,4,7,0.007827281840284158,0.0020224533655926104,0.008732315028910769,-0.0066605500959487085,-0.00020256189303545039,0.0,0.0,ry,4.0,7.0,0.00800149614661967,0.04618284025315693,0.04202492298021433,0.008372849630883767,0.01178795575204224,0.008315834545885194,0.005546786904783462
digits_01,ibm_kingston,0,A015,right_ladder,4,8,13,0.00874113929213201,0.0027676071507510805,0.009733818261573286,-0.08150554995161775,-0.0015024344886033676,0.0,0.0,ry,8.0,13.0,0.01600299229323934,0.07443519288524028,0.06692864726114081,0.01395474938480628,0.01178795575204224,0.015013091248198914,0.010169858582854047
digits_01,ibm_kingston,0,A018,full_chain,3,9,13,0.007263952942400683,0.0006381498689700746,0.008518628694501986,-0.004210690426732204,-0.00045937767868965235,0.0,0.005208333333333333,rx+rz,9.0,13.0,0.017286476194910673,0.06944617595304771,0.06259146264478697,0.011163799507845022,0.01178795575204224,0.013709426616521468,0.008643804573467575
digits_01,ibm_kingston,0,A020,outer_pairs,1,2,4,0.005739074843974061,0.0005358602568386471,0.006757989787853774,-0.005716184278497183,-0.0006346070055522993,0.0,0.0,rx+rz,2.0,4.0,0.0041717951105434735,0.031805870467222865,0.029327423144254045,0.005581899753922511,0.01178795575204224,0.004956894645937637,0.0028288778818081825
digits_01,ibm_kingston,0,A022,outer_pairs,3,6,10,0.007856966384685332,4.1743310321517753e-05,0.009099022731356604,-0.0019885941348730487,9.029586520065136e-05,0.0003255208333333333,0.0,rx+rz,6.0,10.0,0.01251538533163042,0.05955663615952142,0.05373987203418643,0.011163799507845022,0.01178795575204224,0.011633528250669965,0.006639203191998795
digits_01,ibm_kingston,0,A025,left_ladder,2,4,9,0.006983023207962538,0.00017185071868658735,0.008212814045839553,-0.00977886198080206,-0.0010072826648124533,0.0,0.0,rx+rz,4.0,9.0,0.006703548558840948,0.04290001747738653,0.039098530016919014,0.008372849630883767,0.01178795575204224,0.0076029749209350315,0.004631201154217028
digits_01,ibm_kingston,0,A037,outer_pairs,2,4,7,0.007171934947151457,0.001003836435358121,0.008440038210737777,-0.01208315951605963,-0.0012600696870051775,0.0,0.0,ry+rz,4.0,7.0,0.008343590221086947,0.04568125331337215,0.04153364758922025,0.008372849630883767,0.01178795575204224,0.008295211448303802,0.0047340405369034905
digits_01,ibm_kingston,0,A040,left_ladder,1,2,5,0.009356222799716743,0.0027613740152816813,0.010074097095674106,0.0031463034682323496,0.0004565913612474444,0.0,0.0,ry+rz,2.0,5.0,0.003351774279420474,0.030415252549230054,0.028109864358103427,0.005581899753922511,0.01178795575204224,0.004610776382253251,0.0027774581904649515
digits_01,ibm_kingston,0,A042,left_ladder,3,6,13,0.010830654704229246,0.0025376665813639245,0.011949331253144393,0.00016596958211430776,0.0006794151239290341,0.0,0.0,ry+rz,6.0,13.0,0.01005532283826142,0.055384782405542995,0.050087195675734594,0.011163799507845022,0.01178795575204224,0.01059517345961681,0.0064849441179691035
digits_01,ibm_kingston,0,A045,right_ladder,2,4,9,0.009018377312319699,0.0012308204404862934,0.00977398032235161,0.006864844419804959,0.0008832462815495957,0.0,0.0,ry+rz,4.0,9.0,0.00800149614661967,0.04618284025315693,0.04202492298021433,0.008372849630883767,0.01178795575204224,0.008315834545885194,0.005546786904783462
digits_01,ibm_kingston,0,A047,right_ladder,4,8,17,0.009495554126349785,0.0024685724545638692,0.010342784120263362,0.002174272276435315,0.0003727016322787648,0.0,0.0,ry+rz,8.0,17.0,0.01600299229323934,0.07443519288524028,0.06692864726114081,0.01395474938480628,0.01178795575204224,0.015013091248198914,0.010169858582854047
digits_01,ibm_kingston,0,A058,left_ladder,3,6,16,0.008418337502739764,0.001692500927957031,0.009817049542562782,-0.0014134813652334304,-7.364974413609504e-05,0.0,0.0,rx+ry+rz,6.0,16.0,0.01005532283826142,0.07381237801263701,0.0660869245174714,0.01953664913872879,0.01178795575204224,0.01545090699033123,0.009256089798107731
digits_01,ibm_kingston,0,A059,left_ladder,4,8,21,0.010991798896060964,0.005892833441878644,0.01239643344734447,0.002592474716056651,5.048868875818605e-05,0.0003255208333333333,0.0,rx+ry+rz,8.0,21.0,0.013407097117681894,0.09243967480982483,0.0824088331235326,0.025118548892651298,0.01178795575204224,0.020061683372584484,0.012033547988572684
digits_01,ibm_kingston,0,A063,right_ladder,4,8,21,0.007349356342218943,0.0008645119518787686,0.008700392988831204,-0.011011106708286459,-0.0015638431284944188,0.0,-0.005208333333333333,rx+ry+rz,8.0,21.0,0.01600299229323934,0.09900532036136564,0.08826161905012322,0.025118548892651298,0.01178795575204224,0.02148740262248481,0.013864719489705551
digits_01,ibm_kingston,2,A000,full_chain,1,3,4,0.003686153343150358,0.0006564511371371665,0.004260166918867192,-0.009852124771585627,-0.000470381207452894,0.0,0.0,ry,3.0,4.0,0.004169659793354989,0.02226203734974371,0.02048039932465268,0.004417554966388909,0.005999405812157707,0.0035632760501820688,0.002330502702569005
digits_01,ibm_kingston,2,A003,full_chain,4,12,13,0.007176785799369551,0.0013333152781521249,0.007769379753725023,0.005349478781804372,0.0006763652426699912,0.0003255208333333333,0.0,ry,12.0,13.0,0.016678639173419954,0.05801762433219797,0.05243325731964151,0.011043887415972273,0.005999405812157707,0.011168734025112929,0.007542590892978644
digits_01,ibm_kingston,2,A013,right_ladder,2,4,7,0.00397215214193378,0.0010181145965037393,0.004435148281294063,-0.004102106301839094,-0.00012633526442435336,0.0,0.0,ry,4.0,7.0,0.005655239562527027,0.030000457588792308,0.027371019969086554,0.006626332449583364,0.005999405812157707,0.005258875239411513,0.0038311669054069434
digits_01,ibm_kingston,2,A015,right_ladder,4,8,13,0.004417103356297167,0.0013763591695067226,0.004922443606114018,-0.06687508085061418,-0.0007887186394532527,0.0,0.0,ry,8.0,13.0,0.011310479125054054,0.04965740682199232,0.0449125932785167,0.011043887415972273,0.005999405812157707,0.009489627086951242,0.007069193838381427
digits_01,ibm_kingston,2,A018,full_chain,3,9,13,0.004001421848297704,0.0003474207046505876,0.004693009507847674,-0.002475399216571028,-0.00026967211070623903,0.0,0.0,rx+rz,9.0,13.0,0.012508979380064967,0.04609909533804655,0.04178230465464523,0.008835109932777818,0.005999405812157707,0.008633581366802642,0.005805228162842098
digits_01,ibm_kingston,2,A020,outer_pairs,1,2,4,0.0030217783292820406,0.0002818635357738146,0.0035597072742517624,-0.003191530477182347,-0.0003468994756105348,0.0,0.0,rx+rz,2.0,4.0,0.002911683406701519,0.019868077182233542,0.018293763238429874,0.004417554966388909,0.005999405812157707,0.003148627887607335,0.0018164911655744061
digits_01,ibm_kingston,2,A022,outer_pairs,3,6,10,0.004321779653444986,2.4820927787663478e-05,0.0050079335142912814,-0.0012566110505330592,2.633444035061531e-05,0.0,0.0,rx+rz,6.0,10.0,0.008735050220104556,0.038917214835516044,0.035222396395976824,0.008835109932777818,0.005999405812157707,0.00738963687907844,0.004263193551858301
digits_01,ibm_kingston,2,A025,left_ladder,2,4,9,0.003769153210425522,9.259529356151002e-05,0.00443468121727672,-0.005621526775319056,-0.0005621357482411456,0.0,0.0,rx+rz,4.0,9.0,0.005200032797489892,0.027999742532584637,0.025623132547661808,0.006626332449583364,0.005999405812157707,0.004753219969845659,0.0030441415185851846
digits_01,ibm_kingston,2,A037,outer_pairs,2,4,7,0.0038697722654088725,0.0005405125004846777,0.004557777852377441,-0.00708067831726165,-0.0006986262986679223,0.0,0.0,ry+rz,4.0,7.0,0.005823366813403038,0.02939264600887479,0.026758079817203347,0.006626332449583364,0.005999405812157707,0.005269132383342888,0.003039842358716354
digits_01,ibm_kingston,2,A040,left_ladder,1,2,5,0.004914389946236924,0.0014435756390205083,0.005294008231024354,0.0014842484076344105,0.0002117489637792428,0.0,0.0,ry+rz,2.0,5.0,0.002600016398744946,0.019171625444088465,0.017726289603659105,0.004417554966388909,0.005999405812157707,0.0028906716808587206,0.0018186407455088216
digits_01,ibm_kingston,2,A042,left_ladder,3,6,13,0.005958537430430431,0.0013812439168437666,0.006576930014688248,-0.000510694719428865,0.0003447151915880418,0.0,0.0,ry+rz,6.0,13.0,0.007800049196234838,0.0368278596210808,0.0335199754916645,0.008835109932777818,0.005999405812157707,0.006615768258832596,0.004269642291661546
digits_01,ibm_kingston,2,A045,right_ladder,2,4,9,0.004572042327307259,0.000620415416757375,0.0049601106337923626,0.0034414673839191037,0.0004193178386384365,0.0,0.0,ry+rz,4.0,9.0,0.005655239562527027,0.030000457588792308,0.027371019969086554,0.006626332449583364,0.005999405812157707,0.005258875239411513,0.0038311669054069434
digits_01,ibm_kingston,2,A047,right_ladder,4,8,17,0.004799131573348646,0.0012327578608158777,0.005235205715451232,0.0008727081721590646,0.00015399997766195098,0.0,0.0,ry+rz,8.0,17.0,0.011310479125054054,0.04965740682199232,0.0449125932785167,0.011043887415972273,0.005999405812157707,0.009489627086951242,0.007069193838381427
digits_01,ibm_kingston,2,A058,left_ladder,3,6,16,0.004609897439556564,0.0009102694412400478,0.005377811197112173,-0.000887957858277851,-5.927638901973009e-05,0.0,0.0,rx+ry+rz,6.0,16.0,0.007800049196234838,0.04986016725138457,0.0450100980341606,0.015461442382361183,0.005999405812157707,0.009700138434447945,0.006049062208958925
digits_01,ibm_kingston,2,A059,left_ladder,4,8,21,0.006128477703626615,0.0033235575788484353,0.006910151526764686,0.0014238775898276028,1.4542674559851754e-05,0.0003255208333333333,0.005208333333333333,rx+ry+rz,8.0,21.0,0.010400065594979784,0.06303238688331533,0.05673698182566199,0.019878997348750094,0.005999405812157707,0.012590810115306664,0.007867702954467747
digits_01,ibm_kingston,2,A063,right_ladder,4,8,21,0.0037370800138988563,0.00043193258700334426,0.0044278318847295155,-0.005900626978694534,-0.0008085462450334405,0.0,0.0,rx+ry+rz,8.0,21.0,0.011310479125054054,0.06703381699573069,0.060232756668511495,0.019878997348750094,0.005999405812157707,0.013602120654438374,0.009441753728111265
digits_01,ibm_kingston,4,A000,full_chain,1,3,4,0.0037532663125082306,0.000664065243474249,0.00433908039728671,-0.009992656074919726,-0.00048052769551189256,0.0,0.0,ry,3.0,4.0,0.0032586540699140604,0.02929854126129721,0.026813874349779724,0.005042465633752678,0.0061222182163648805,0.0049693338230349755,0.007421202606713129
digits_01,ibm_kingston,4,A003,full_chain,4,12,13,0.007049495543560301,0.0012831171725347233,0.007644336208440993,0.005286724548844009,0.0006774997952803281,0.0003255208333333333,0.0,ry,12.0,13.0,0.01303461627965624,0.07953706000229599,0.07166344812979449,0.012606164084381696,0.0061222182163648805,0.01574722374500301,0.024153225804388657
digits_01,ibm_kingston,4,A013,right_ladder,2,4,7,0.0042645413394417075,0.0010891063353758493,0.004763368669373621,-0.004338020866432886,-0.00013491557428884268,0.0,0.0,ry,4.0,7.0,0.004931682507135297,0.041870091117772,0.03835378305530543,0.007563698450629017,0.0061222182163648805,0.007032616124933139,0.012703567756243095
digits_01,ibm_kingston,4,A015,right_ladder,4,8,13,0.004870873155082183,0.0015140688228566913,0.005428968229018151,-0.06888058799378038,-0.0008668853158193777,0.0,0.0,ry,8.0,13.0,0.009863365014270592,0.07118781388791304,0.06484354968750271,0.012606164084381696,0.0061222182163648805,0.012688528400820645,0.023563273971664897
digits_01,ibm_kingston,4,A018,full_chain,3,9,13,0.003969826115857336,0.00034208703344502944,0.004658446046262455,-0.0024321354422228345,-0.00026640703214218336,0.0,0.005208333333333333,rx+rz,9.0,13.0,0.009775962209742181,0.06279088708862973,0.056713590203122895,0.010084931267505357,0.0061222182163648805,0.012154593771013664,0.018575884738496813
digits_01,ibm_kingston,4,A020,outer_pairs,1,2,4,0.0030784979030286565,0.0002861178834379392,0.0036279625923648436,-0.0032447193804476435,-0.00035505011205304765,0.0,0.0,rx+rz,2.0,4.0,0.002276234136043834,0.025411977261479958,0.023303899492628833,0.005042465633752678,0.0061222182163648805,0.0042161555377022465,0.005646825968765194
digits_01,ibm_kingston,4,A022,outer_pairs,3,6,10,0.004286722148680326,2.3136142166006916e-05,0.004973367850583968,-0.0012276463472502923,2.9622194288656905e-05,0.0003255208333333333,0.0,rx+rz,6.0,10.0,0.0068287024081315015,0.05113119508917796,0.046183665631670215,0.010084931267505357,0.0061222182163648805,0.009895058915015478,0.013252754824653008
digits_01,ibm_kingston,4,A025,left_ladder,2,4,9,0.003782318389114879,9.302004334711454e-05,0.004452661749542213,-0.005632176497332941,-0.0005687646808817762,0.0,0.0,rx+rz,4.0,9.0,0.0035504655004332765,0.037360419666989095,0.03377751177204233,0.007563698450629017,0.0061222182163648805,0.007165815789893534,0.009375313814721616
digits_01,ibm_kingston,4,A037,outer_pairs,2,4,7,0.003883308005013283,0.0005404066529587766,0.004580138296858012,-0.007047892290639586,-0.000692244530372856,0.0,0.0,ry+rz,4.0,7.0,0.004552468272087668,0.03827158617532897,0.034743782562149536,0.007563698450629017,0.0061222182163648805,0.007055607226358864,0.009449790396709104
digits_01,ibm_kingston,4,A040,left_ladder,1,2,5,0.004997608661222848,0.0014646500298097468,0.005386667806613894,0.0015100092548927708,0.0002147516454492071,0.0,0.0,ry+rz,2.0,5.0,0.0017752327502166382,0.02495639400731002,0.02282076409757523,0.005042465633752678,0.0061222182163648805,0.004271259819469582,0.00560958767777145
digits_01,ibm_kingston,4,A042,left_ladder,3,6,13,0.005890776775575181,0.0013409939169973034,0.00651322736562221,-0.00047476540584989735,0.00034537649933417725,0.0,0.0,ry+rz,6.0,13.0,0.005325698250649914,0.049764445326668155,0.04473425944650941,0.010084931267505357,0.0061222182163648805,0.010060371760317485,0.013141039951671775
digits_01,ibm_kingston,4,A045,right_ladder,2,4,9,0.004906045517094088,0.0006644120379409267,0.00532571327495596,0.0036961438856141136,0.000451576504167379,0.0,0.0,ry+rz,4.0,9.0,0.004931682507135297,0.041870091117772,0.03835378305530543,0.007563698450629017,0.0061222182163648805,0.007032616124933139,0.012703567756243095
digits_01,ibm_kingston,4,A047,right_ladder,4,8,17,0.005287638127909264,0.0013548558055064086,0.005771375818991262,0.000988049465978802,0.00017259509418983873,0.0,0.0,ry+rz,8.0,17.0,0.009863365014270592,0.07118781388791304,0.06484354968750271,0.012606164084381696,0.0061222182163648805,0.012688528400820645,0.023563273971664897
digits_01,ibm_kingston,4,A058,left_ladder,3,6,16,0.004769885635530385,0.0009136687552201935,0.005570911618044342,-0.0008476147803277434,-4.075696925893527e-05,0.0,0.0,rx+ry+rz,6.0,16.0,0.005325698250649914,0.06905489572046637,0.061959654066739187,0.017648629718134374,0.0061222182163648805,0.014190483307454378,0.01867262457413564
digits_01,ibm_kingston,4,A059,left_ladder,4,8,21,0.0064194023891365045,0.0035491528647238675,0.007242207281396517,0.0017199625290787723,8.871107230075392e-05,0.0003255208333333333,0.005208333333333333,rx+ry+rz,8.0,21.0,0.007100931000866553,0.08788907151141152,0.07865819994794954,0.022691095351887052,0.0061222182163648805,0.01846174312692396,0.02428221225190709
digits_01,ibm_kingston,4,A063,right_ladder,4,8,21,0.00428654743097035,0.0004942806810259361,0.00508017909981211,-0.006702740111073524,-0.0009265360941528208,0.0,0.0,rx+ry+rz,8.0,21.0,0.009863365014270592,0.09690841441297735,0.08781074251447575,0.022691095351887052,0.0061222182163648805,0.018195343797003175,0.03093872013495005
digits_01,ibm_kingston,7,A000,full_chain,1,3,4,0.006881110694486836,0.0012510072809940609,0.007937147993552753,-0.01577651704498617,-0.0008342419059381712,0.0,0.0,ry,3.0,4.0,0.0049272296326031695,0.03394627164937872,0.03181916096628852,0.007091368501732831,0.01203502184347814,0.004254221366180388,0.003511319622293992
digits_01,ibm_kingston,7,A003,full_chain,4,12,13,0.011809491887091602,0.0022730381528756898,0.012734728433990268,0.008883155781219945,0.0011797851689666604,0.0003255208333333333,0.0,ry,12.0,13.0,0.019708918530412678,0.08126003167143175,0.07446283615866472,0.017728421254332077,0.01203502184347814,0.013594391025534041,0.011396083504907787
digits_01,ibm_kingston,7,A013,right_ladder,2,4,7,0.0079015574339813,0.0020731579893282386,0.008799893814523004,-0.006679393096719795,-0.0001929922995765887,0.0,0.0,ry,4.0,7.0,0.0075930205806086885,0.045619037100858226,0.04240788775340444,0.010637052752599246,0.01203502184347814,0.006422298694907584,0.005720493881810782
digits_01,ibm_kingston,7,A015,right_ladder,4,8,13,0.008754132926511263,0.002833088645895616,0.009742169789852812,-0.08167220999871688,-0.0014946322222850496,0.0,0.0,ry,8.0,13.0,0.015186041161217377,0.07306305589302209,0.0672111729379791,0.017728421254332077,0.01203502184347814,0.011703765910085996,0.010557922768865502
digits_01,ibm_kingston,7,A018,full_chain,3,9,13,0.0067407856130609215,0.0006123448168171303,0.007893715547965715,-0.003941198322417276,-0.000404496010888387,0.0,0.0,rx+rz,9.0,13.0,0.014781688897809508,0.0654887783307474,0.06024827776120599,0.014182737003465663,0.01203502184347814,0.010481001139082824,0.008767828877369854
digits_01,ibm_kingston,7,A020,outer_pairs,1,2,4,0.005624512134104138,0.0005269682064446321,0.006616903883234382,-0.005622162719073602,-0.0006133096813330704,0.0,0.0,rx+rz,2.0,4.0,0.003415824599605422,0.030487296101262707,0.028740397897927414,0.007091368501732831,0.01203502184347814,0.0034937964066705848,0.002704386546440436
digits_01,ibm_kingston,7,A022,outer_pairs,3,6,10,0.007345503440276845,3.1337812850097454e-05,0.008478797215054701,-0.0018775640171942072,0.00010487798617352569,0.0003255208333333333,0.0,rx+rz,6.0,10.0,0.010247473798816267,0.05511185168639938,0.05101198855612267,0.014182737003465663,0.01203502184347814,0.008199726260553415,0.006347029649809186
digits_01,ibm_kingston,7,A025,left_ladder,2,4,9,0.00665375495576579,0.00016421268300119703,0.007812918533042697,-0.009412347633202126,-0.000948387229730091,0.0,0.0,rx+rz,4.0,9.0,0.005284248750593147,0.04147145022456368,0.03852712176659811,0.010637052752599246,0.01203502184347814,0.005888656915931142,0.0046821415039964365
digits_01,ibm_kingston,7,A037,outer_pairs,2,4,7,0.006831411422454835,0.0009553569486068416,0.008016638621425896,-0.01164694869560895,-0.001191120861811899,0.0,0.0,ry+rz,4.0,7.0,0.006831649199210844,0.042799573893831044,0.03987619322702504,0.010637052752599246,0.01203502184347814,0.005846761333612001,0.004525708098124813
digits_01,ibm_kingston,7,A040,left_ladder,1,2,5,0.009211094821898524,0.002738030487306494,0.009905158259907745,0.00310247523072212,0.0004537303259403609,0.0,0.0,ry+rz,2.0,5.0,0.0026421243752965734,0.02982323426662903,0.028065862167713947,0.007091368501732831,0.01203502184347814,0.0035147441978301552,0.002782603249376248
digits_01,ibm_kingston,7,A042,left_ladder,3,6,13,0.010166918498951827,0.002384681412819075,0.011189803208642412,-6.465158693084543e-05,0.0006434081033349729,0.0,0.0,ry+rz,6.0,13.0,0.00792637312588972,0.05311966618249833,0.04898838136548227,0.014182737003465663,0.01203502184347814,0.008262569634032126,0.0065816797586166235
digits_01,ibm_kingston,7,A045,right_ladder,2,4,9,0.009119965619648259,0.0012575159233323891,0.009862548237045804,0.0069503837615043544,0.000902165573159581,0.0,0.0,ry+rz,4.0,9.0,0.0075930205806086885,0.045619037100858226,0.04240788775340444,0.010637052752599246,0.01203502184347814,0.006422298694907584,0.005720493881810782
digits_01,ibm_kingston,7,A047,right_ladder,4,8,17,0.009538733948654274,0.002525040267346753,0.010359816706432486,0.002216037013831995,0.00038921148842808545,0.0,0.0,ry+rz,8.0,17.0,0.015186041161217377,0.07306305589302209,0.0672111729379791,0.017728421254332077,0.01203502184347814,0.011703765910085996,0.010557922768865502
digits_01,ibm_kingston,7,A058,left_ladder,3,6,16,0.0078004953359055995,0.0016566603118721044,0.009071123332591363,-0.0012945142623856931,-3.2207030323083696e-05,0.0,0.0,rx+ry+rz,6.0,16.0,0.00792637312588972,0.07153965557814704,0.06569712354153721,0.024819789756064907,0.01203502184347814,0.011685064073219635,0.009230874742884804
digits_01,ibm_kingston,7,A059,left_ladder,4,8,21,0.010100397094339924,0.005643023049385826,0.011349737868387463,0.0024928848554298944,8.941039450116595e-05,0.0003255208333333333,0.005208333333333333,rx+ry+rz,8.0,21.0,0.010568497501186292,0.08932786800129791,0.08172796386577302,0.031911158257797737,0.01203502184347814,0.015199808271049794,0.012013477992261054
digits_01,ibm_kingston,7,A063,right_ladder,4,8,21,0.007195251616900385,0.0008818700194712976,0.008506979304181145,-0.010938407734115177,-0.0015222049370808843,0.0,0.0,rx+ry+rz,8.0,21.0,0.015186041161217377,0.09762304175388702,0.08948949583938567,0.031911158257797737,0.01203502184347814,0.016267091829002676,0.014090182747889743
digits_01,ibm_marrakesh,0,A000,full_chain,1,3,4,0.003018644852933629,0.0005983893807866238,0.0034785581562140552,-0.008243336960435757,-0.0003709846995870597,0.0,0.0,ry,3.0,4.0,0.005607275424824075,0.026533303625334202,0.024630862322824243,0.005215291016078174,0.003546319827933037,0.003804882605019929,0.006457093448969024
digits_01,ibm_marrakesh,0,A003,full_chain,4,12,13,0.008452602443771483,0.001802639991418931,0.009064000670586365,0.006917926682278197,0.0010617412038007267,0.0003255208333333333,0.0,ry,12.0,13.0,0.0224291016992963,0.07665203928850847,0.07067516340686983,0.013038227540195433,0.003546319827933037,0.011953751763277273,0.01970776257616778
digits_01,ibm_marrakesh,0,A013,right_ladder,2,4,7,0.003172821623144493,0.0009319140730159311,0.003506904218592116,-0.0029400880427396616,-1.3757279184211288e-05,0.0,0.0,ry,4.0,7.0,0.0062695375117128305,0.033481567744605034,0.03075826603378482,0.00782293652411726,0.003546319827933037,0.0054466034216404296,0.007672868748381268
digits_01,ibm_marrakesh,0,A015,right_ladder,4,8,13,0.00440901106384221,0.001815539256230825,0.0048404603227607595,-0.0630347450276586,-0.00064061854569962,0.0003255208333333333,0.0,ry,8.0,13.0,0.012539075023425661,0.057136077084933956,0.05223377010609394,0.013038227540195433,0.003546319827933037,0.009804613957680043,0.01330553375685976
digits_01,ibm_marrakesh,0,A018,full_chain,3,9,13,0.004019222399667857,0.00036250086213016324,0.004704639771222528,-0.0023021139262540125,-0.00020389840570692966,0.0,0.0,rx+rz,9.0,13.0,0.016821826274472224,0.059945794067450375,0.05532706304552129,0.010430582032156348,0.003546319827933037,0.009237462043858159,0.01529087286710153
digits_01,ibm_marrakesh,0,A020,outer_pairs,1,2,4,0.002424821689872961,0.00022538806142678323,0.002857685875263687,-0.0025933588321674175,-0.0002819746691680262,0.0,0.0,rx+rz,2.0,4.0,0.004564006350077669,0.02414083567298398,0.02253818503584945,0.005215291016078174,0.003546319827933037,0.0032053012742690665,0.006007266567491501
digits_01,ibm_marrakesh,0,A022,outer_pairs,3,6,10,0.004511707751342418,3.2091745712079036e-05,0.005199344065179418,-0.0008501312980314276,0.0002024188648229545,0.0003255208333333333,0.0,rx+rz,6.0,10.0,0.013692019050233007,0.052768390210399696,0.049049031184596914,0.010430582032156348,0.003546319827933037,0.00743871805160557,0.013941392222668957
digits_01,ibm_marrakesh,0,A025,left_ladder,2,4,9,0.003461646544582824,8.568415690582032e-05,0.00407079495915745,-0.0051754491612710325,-0.0005108437090363127,0.0,0.0,rx+rz,4.0,9.0,0.007031551487428135,0.03693145256344999,0.0341616974528986,0.00782293652411726,0.003546319827933037,0.0055395102211027855,0.010221379392317383
digits_01,ibm_marrakesh,0,A037,outer_pairs,2,4,7,0.003568625092398234,0.0005016928812904012,0.004204246715639654,-0.0066221119491414555,-0.0006724989162935809,-0.0003255208333333333,0.0,ry+rz,4.0,7.0,0.009128012700155338,0.03845461294169184,0.03579360811022319,0.00782293652411726,0.003546319827933037,0.005322009662937319,0.009974329395080231
digits_01,ibm_marrakesh,0,A040,left_ladder,1,2,5,0.004206303431568549,0.0014145969324240082,0.004512834185980661,0.0014793042165521426,0.00022129963758843232,0.0,0.0,ry+rz,2.0,5.0,0.0035157757437140674,0.023379255483863055,0.021722229707187155,0.005215291016078174,0.003546319827933037,0.0033140515533518,0.006130791566110076
digits_01,ibm_marrakesh,0,A042,left_ladder,3,6,13,0.006341586454521917,0.0014326329345235827,0.006973211230314074,0.00010742812220691327,0.0005604163057002601,0.0006510416666666666,0.0,ry+rz,6.0,13.0,0.010547327231142201,0.05048364964303693,0.046601165198610045,0.010430582032156348,0.003546319827933037,0.007764968888853771,0.014311967218524685
digits_01,ibm_marrakesh,0,A045,right_ladder,2,4,9,0.0037076682111473643,0.0005656362164625374,0.003994150254561634,0.0030924830413909346,0.0004665786352455274,0.0,0.0,ry+rz,4.0,9.0,0.0062695375117128305,0.033481567744605034,0.03075826603378482,0.00782293652411726,0.003546319827933037,0.0054466034216404296,0.007672868748381268
digits_01,ibm_marrakesh,0,A047,right_ladder,4,8,17,0.004496130660519027,0.0014643074690610875,0.004853271866966608,0.001505473844034655,0.00032896921259099415,0.0,0.0,ry+rz,8.0,17.0,0.012539075023425661,0.057136077084933956,0.05223377010609394,0.013038227540195433,0.003546319827933037,0.009804613957680043,0.01330553375685976
digits_01,ibm_marrakesh,0,A058,left_ladder,3,6,16,0.005207849151203504,0.0011223701642886726,0.006026300788213211,-0.00045915284144469143,0.00013293246450410412,0.0003255208333333333,0.0,rx+ry+rz,6.0,16.0,0.010547327231142201,0.06932586537206617,0.06381049159923807,0.018253518556273607,0.003546319827933037,0.011030747545656217,0.02043257843823301
digits_01,ibm_marrakesh,0,A059,left_ladder,4,8,21,0.008183989478922725,0.0059366665953525,0.009112757899524914,0.0032047507209400916,0.0003339111240621741,0.0006510416666666666,0.005208333333333333,rx+ry+rz,8.0,21.0,0.014063102974856268,0.08915880102799618,0.08198640147849218,0.023468809572351784,0.003546319827933037,0.014344799099008015,0.026563370004343084
digits_01,ibm_marrakesh,0,A063,right_ladder,4,8,21,0.0035077930673624385,0.00043982495483934687,0.0041947187596660844,-0.006388647084581052,-0.0010555739796268282,-0.0003255208333333333,-0.005208333333333333,rx+ry+rz,8.0,21.0,0.012539075023425661,0.0822590313903063,0.07517953864026464,0.023468809572351784,0.003546319827933037,0.014158985500083304,0.021466348716470858
digits_01,ibm_marrakesh,2,A000,full_chain,1,3,4,0.0030774285953714467,0.000602757994766868,0.0035525147134159367,-0.008378978970594772,-0.00038181978568637326,0.0,0.0,ry,3.0,4.0,0.00661352769402059,0.027871648730427953,0.02584879911212239,0.006221684916740035,0.003056423921013339,0.004045699236611123,0.005911463343737306
digits_01,ibm_marrakesh,2,A003,full_chain,4,12,13,0.00963163728805595,0.002007132788209202,0.010343895324801353,0.007834620503980047,0.001195990663723739,0.0003255208333333333,0.0,ry,12.0,13.0,0.026454110776082364,0.08206922853392537,0.07571825454684196,0.015554212291850087,0.003056423921013339,0.012701947974166832,0.017951559583729338
digits_01,ibm_marrakesh,2,A013,right_ladder,2,4,7,0.0029880151334470283,0.0008710006500260332,0.0033130755049115973,-0.0027810973876980873,-1.2188465937770787e-05,0.0,0.0,ry,4.0,7.0,0.006455453752908012,0.03412297248349948,0.031269705859167635,0.009332527375110054,0.003056423921013339,0.005706533248663699,0.006718767561472526
digits_01,ibm_marrakesh,2,A015,right_ladder,4,8,13,0.004302115806423594,0.0017613146050551205,0.004726728633990794,-0.062237444220452194,-0.000624117984699644,0.0003255208333333333,0.0,ry,8.0,13.0,0.012910907505816022,0.05844015617107014,0.05331376441778605,0.015554212291850087,0.003056423921013339,0.010252783506568176,0.011539437192538424
digits_01,ibm_marrakesh,2,A018,full_chain,3,9,13,0.004532965089572769,0.00040250450943904583,0.005309437211145539,-0.0025774855351642,-0.00023754755830685906,0.0,0.005208333333333333,rx+rz,9.0,13.0,0.019840583082061772,0.06400336859942624,0.059095102735268766,0.01244336983348007,0.003056423921013339,0.009816531728314929,0.013938194170398661
digits_01,ibm_marrakesh,2,A020,outer_pairs,1,2,4,0.0024797895184153706,0.00022899155732089652,0.0029239045997043324,-0.0026420142249427014,-0.0002911373256985113,0.0,0.0,rx+rz,2.0,4.0,0.005046924770210915,0.025038460723348144,0.02333026632028596,0.006221684916740035,0.003056423921013339,0.0034163888061243724,0.005588843906197296
digits_01,ibm_marrakesh,2,A022,outer_pairs,3,6,10,0.005049466160547298,3.0353422973036403e-05,0.0058316418799866,-0.0009760221626045432,0.00020546242459730987,0.0003255208333333333,0.0,rx+rz,6.0,10.0,0.015140774310632746,0.0555038045781868,0.051539504359759465,0.01244336983348007,0.003056423921013339,0.007928600436854677,0.012970335857778634
digits_01,ibm_marrakesh,2,A025,left_ladder,2,4,9,0.00376210784858967,9.268646003593797e-05,0.004427796740819415,-0.005573922686780142,-0.0005576664135479951,0.0,0.0,rx+rz,4.0,9.0,0.00990480748275252,0.04078543074134701,0.03780340470782177,0.009332527375110054,0.003056423921013339,0.005964052067050493,0.009545593861895362
digits_01,ibm_marrakesh,2,A037,outer_pairs,2,4,7,0.003875587464717852,0.0005431033532536079,0.004574941841519716,-0.007115417503072652,-0.0007313469161024747,-0.0003255208333333333,0.0,ry+rz,4.0,7.0,0.01009384954042183,0.040271132650767476,0.03743488534002271,0.009332527375110054,0.003056423921013339,0.005672494621489525,0.009279589881987967
digits_01,ibm_marrakesh,2,A040,left_ladder,1,2,5,0.004278782322501797,0.0014282265483253039,0.004595257073857409,0.001498684979898963,0.00022295168597356863,0.0,0.0,ry+rz,2.0,5.0,0.00495240374137626,0.025295609768637914,0.023514526004185486,0.006221684916740035,0.003056423921013339,0.0035621675289048567,0.005721845896150994
digits_01,ibm_marrakesh,2,A042,left_ladder,3,6,13,0.007081350831147579,0.0015971643580221751,0.007797997403946749,0.00023332272806612467,0.0006167212593813365,0.0006510416666666666,0.0,ry+rz,6.0,13.0,0.01485721122412878,0.05627525171405611,0.052092283411458044,0.01244336983348007,0.003056423921013339,0.008365936605196128,0.01336934182763973
digits_01,ibm_marrakesh,2,A045,right_ladder,2,4,9,0.0034925151543485303,0.0005319530932994441,0.0037705013125146902,0.0029274896710538476,0.0004437104438246182,0.0,0.0,ry+rz,4.0,9.0,0.006455453752908012,0.03412297248349948,0.031269705859167635,0.009332527375110054,0.003056423921013339,0.005706533248663699,0.006718767561472526
digits_01,ibm_marrakesh,2,A047,right_ladder,4,8,17,0.004367449115096281,0.0014123801475085498,0.0047258107758693475,0.0014700125457915898,0.00031985593994957734,0.0,0.0,ry+rz,8.0,17.0,0.012910907505816022,0.05844015617107014,0.05331376441778605,0.015554212291850087,0.003056423921013339,0.010252783506568176,0.011539437192538424
digits_01,ibm_marrakesh,2,A058,left_ladder,3,6,16,0.005827343899092879,0.0012217665576613312,0.0067635528364480835,-0.0005413179628315593,0.00012809681693847405,0.0006510416666666666,0.0,rx+ry+rz,6.0,16.0,0.01485721122412878,0.07652334633880253,0.07059995355006565,0.021775897208590127,0.003056423921013339,0.011846785577473791,0.019063635618859615
digits_01,ibm_marrakesh,2,A059,left_ladder,4,8,21,0.009218825251538785,0.006513241557787283,0.010291128313317703,0.0034993714896613035,0.0003531985534535459,0.0006510416666666666,0.005208333333333333,rx+ry+rz,8.0,21.0,0.01980961496550504,0.09876253218642711,0.0910580556332378,0.027997582125330156,0.003056423921013339,0.015408953106378645,0.02478548151501061
digits_01,ibm_marrakesh,2,A063,right_ladder,4,8,21,0.003572487027120163,0.0004300538609720258,0.0042800783899839346,-0.006409003222389205,-0.0010722942791952146,-0.0003255208333333333,-0.005208333333333333,rx+ry+rz,8.0,21.0,0.012910907505816022,0.08543761567073205,0.07799065793592952,0.027997582125330156,0.003056423921013339,0.01489391546960506,0.019131828914164938
digits_01,ibm_marrakesh,4,A000,full_chain,1,3,4,0.004340180471125522,0.0008333104136145807,0.005007924952156396,-0.011077820149355285,-0.0005339833295924246,0.0,0.0,ry,3.0,4.0,0.006030028605962325,0.03203292549983365,0.02986847933317293,0.0037615796336370817,0.00636788828270304,0.004328892333321428,0.009380090477549058
digits_01,ibm_marrakesh,4,A003,full_chain,4,12,13,0.009899194653907645,0.0020519529465287388,0.010640922588984844,0.008075005975216034,0.001240162011600839,0.0003255208333333333,0.0,ry,12.0,13.0,0.0241201144238493,0.0887133218143875,0.081916617212525,0.009403949084092705,0.00636788828270304,0.013593409203724998,0.02843125621815496
digits_01,ibm_marrakesh,4,A013,right_ladder,2,4,7,0.00483988329218205,0.0013602251189657338,0.005369332341297837,-0.004307822818301481,-5.442211621832042e-05,0.0,0.0,ry,4.0,7.0,0.00820286146689209,0.04135572086011709,0.03840864171242703,0.005642369450455623,0.00636788828270304,0.0058941582953801145,0.012301364216996163
digits_01,ibm_marrakesh,4,A015,right_ladder,4,8,13,0.006163084493624789,0.0023804782246350433,0.006796806091702786,-0.07091973154909018,-0.0009352206045298664,0.0003255208333333333,0.0,ry,8.0,13.0,0.01640572293378418,0.06957198165858515,0.06429818338479848,0.009403949084092705,0.00636788828270304,0.010547596547573325,0.02157302653664523
digits_01,ibm_marrakesh,4,A018,full_chain,3,9,13,0.0049857883519659795,0.0004450017885432088,0.00584032489608,-0.0028139099884590215,-0.0002639251414724893,0.0,0.005208333333333333,rx+rz,9.0,13.0,0.01809008581788698,0.06981985637620289,0.06456723791940765,0.0075231592672741635,0.00636788828270304,0.010505236913590475,0.022080867637952993
digits_01,ibm_marrakesh,4,A020,outer_pairs,1,2,4,0.003508486825667461,0.00032585761777568335,0.004135507405288514,-0.0036611274488657828,-0.00040359125580973393,0.0,0.0,rx+rz,2.0,4.0,0.004357869329029842,0.028887973022745227,0.027061357403608953,0.0037615796336370817,0.00636788828270304,0.003653231238272553,0.008920788919966435
digits_01,ibm_marrakesh,4,A022,outer_pairs,3,6,10,0.005537316718711948,3.128004372574386e-05,0.0064003643103587885,-0.0010724770918801492,0.00021581779988466554,0.0003255208333333333,0.0,rx+rz,6.0,10.0,0.013073607987089526,0.06038499894493764,0.05614587213071571,0.0075231592672741635,0.00636788828270304,0.00847825362844385,0.02070296296520513
digits_01,ibm_marrakesh,4,A025,left_ladder,2,4,9,0.004559280171521477,0.00011243270380529225,0.005365547098281652,-0.006657426161318258,-0.0006720153511780383,0.0,0.0,rx+rz,4.0,9.0,0.007201514298897527,0.042543178651619024,0.03924498432775188,0.005642369450455623,0.00636788828270304,0.0065963886477343,0.013436823647961383
digits_01,ibm_marrakesh,4,A037,outer_pairs,2,4,7,0.004695765350121495,0.0006605782051771163,0.005540005557521488,-0.00841909275193827,-0.0008693325832510035,-0.0003255208333333333,0.0,ry+rz,4.0,7.0,0.008715738658059684,0.044636485983841435,0.04160361476716233,0.005642369450455623,0.00636788828270304,0.0060657424333582025,0.014811875942585784
digits_01,ibm_marrakesh,4,A040,left_ladder,1,2,5,0.005974477524830445,0.0019402465526951816,0.006418803951175229,0.002089740035274646,0.00031006736929267464,0.0,0.0,ry+rz,2.0,5.0,0.0036007571494487637,0.027841319356634024,0.025882042183903727,0.0037615796336370817,0.00636788828270304,0.003918554345460602,0.008233262772654237
digits_01,ibm_marrakesh,4,A042,left_ladder,3,6,13,0.007752026241952223,0.0017482428098017564,0.008543252829608288,0.0003429275018461779,0.000668981304491179,0.0006510416666666666,0.0,ry+rz,6.0,13.0,0.010802271448346291,0.05724503794660403,0.05260792647160002,0.0075231592672741635,0.00636788828270304,0.009274222950007998,0.018640384523268532
digits_01,ibm_marrakesh,4,A045,right_ladder,2,4,9,0.005626992036057772,0.000828230348189716,0.006079335054431816,0.004568846661675628,0.0006601356440117714,0.0,0.0,ry+rz,4.0,9.0,0.00820286146689209,0.04135572086011709,0.03840864171242703,0.005642369450455623,0.00636788828270304,0.0058941582953801145,0.012301364216996163
digits_01,ibm_marrakesh,4,A047,right_ladder,4,8,17,0.0063929102618984325,0.0019564475762040476,0.006922344798184082,0.00197722835923451,0.0004120032937374359,0.0,0.0,ry+rz,8.0,17.0,0.01640572293378418,0.06957198165858515,0.06429818338479848,0.009403949084092705,0.00636788828270304,0.010547596547573325,0.02157302653664523
digits_01,ibm_marrakesh,4,A058,left_ladder,3,6,16,0.0062784083217024165,0.0012973360117015354,0.007300389167811438,-0.0005694870887064662,0.00013645659650745232,0.0006510416666666666,0.0,rx+ry+rz,6.0,16.0,0.010802271448346291,0.077559753283442,0.07106156174365763,0.013165528717729788,0.00636788828270304,0.012996383079568711,0.0277294902153098
digits_01,ibm_marrakesh,4,A059,left_ladder,4,8,21,0.009450055848554113,0.006688624723498085,0.010555865750641902,0.003673363659368748,0.0003868373095022813,0.0006510416666666666,0.0,rx+ry+rz,8.0,21.0,0.014403028597795055,0.09903318435737299,0.09057571564485833,0.01692710835136687,0.00636788828270304,0.016914937425029315,0.035962752987964045
digits_01,ibm_marrakesh,4,A063,right_ladder,4,8,21,0.004815396063040327,0.0005922569137493265,0.005756991112800186,-0.008299933565632892,-0.0013487599939805417,-0.0003255208333333333,-0.005208333333333333,rx+ry+rz,8.0,21.0,0.01640572293378418,0.09665826877436912,0.08890303041420863,0.01692710835136687,0.00636788828270304,0.015510476720320944,0.0336918341260336
digits_01,ibm_marrakesh,7,A000,full_chain,1,3,4,0.004433346823681808,0.000853025617207707,0.005109584789054115,-0.011274605655586726,-0.0005417821169030936,0.0,0.0,ry,3.0,4.0,0.005961328633498286,0.028633122693029495,0.026778822018268124,0.004776575145201337,0.005876608488985042,0.0037086013495227464,0.006455708401060713
digits_01,ibm_marrakesh,7,A003,full_chain,4,12,13,0.01128960681910029,0.0023141362532071164,0.012124386205417864,0.009024981753429556,0.001346197426485514,0.0003255208333333333,0.0,ry,12.0,13.0,0.023845314533993148,0.07872136541251341,0.07291722131180614,0.011941437863003343,0.005876608488985042,0.01160828820141454,0.01964557222441007
digits_01,ibm_marrakesh,7,A013,right_ladder,2,4,7,0.004548303419053391,0.0012855333070369089,0.0050382274041618465,-0.0041140106328608666,-5.178567331415307e-05,0.0,0.0,ry,4.0,7.0,0.00512973415988218,0.03395527977768528,0.031309359742287275,0.0071648627178020055,0.005876608488985042,0.005291840070796023,0.007846314304822027
digits_01,ibm_marrakesh,7,A015,right_ladder,4,8,13,0.0058119409738329264,0.0022556548385018627,0.006408132068614516,-0.0698934025877437,-0.0008861148802184632,0.0003255208333333333,0.0,ry,8.0,13.0,0.010259468319764362,0.05597351776883572,0.05121936389748577,0.011941437863003343,0.005876608488985042,0.009508307742699899,0.013633541483033126
digits_01,ibm_marrakesh,7,A018,full_chain,3,9,13,0.005596189297043198,0.0005078545409614654,0.006548068513323972,-0.003188990968065871,-0.0002975024934651904,0.0,0.0,rx+rz,9.0,13.0,0.01788398590049486,0.06202528450601877,0.057537754880626804,0.009553150290402674,0.005876608488985042,0.008975059250783943,0.015248950949960286
digits_01,ibm_marrakesh,7,A020,outer_pairs,1,2,4,0.003582760177321159,0.00033452570049002337,0.004219082334040805,-0.003738286068157848,-0.0004071749520900281,0.0,0.0,rx+rz,2.0,4.0,0.004662490201670329,0.02612810291487365,0.02454491577206021,0.004776575145201337,0.005876608488985042,0.003166374285626882,0.00606286765057662
digits_01,ibm_marrakesh,7,A022,outer_pairs,3,6,10,0.006224769609663919,2.4156965531663855e-05,0.007174180932080907,-0.0012549206479097001,0.0002265853185832445,0.0003255208333333333,0.0,rx+rz,6.0,10.0,0.013987470605010984,0.054510225171551234,0.05083603614200306,0.009553150290402674,0.005876608488985042,0.007348378059096351,0.014070428698508008
digits_01,ibm_marrakesh,7,A025,left_ladder,2,4,9,0.004933649726650782,0.00012222911703461416,0.005798126218729278,-0.007180778552043243,-0.0007158158379370431,0.0,0.0,rx+rz,4.0,9.0,0.009390599970770307,0.04044187175978504,0.037761590982872295,0.0071648627178020055,0.005876608488985042,0.005360561553825496,0.009968958251489442
digits_01,ibm_marrakesh,7,A037,outer_pairs,2,4,7,0.005077408711953839,0.00071706972788467,0.005972256981967474,-0.009075111094394128,-0.0009347599954178202,-0.0003255208333333333,0.0,ry+rz,4.0,7.0,0.009324980403340656,0.04031916404321244,0.037690475957031636,0.0071648627178020055,0.005876608488985042,0.005257376172361617,0.010066648174542312
digits_01,ibm_marrakesh,7,A040,left_ladder,1,2,5,0.006093634917909633,0.001968299965897528,0.006542080047539482,0.002119126524142853,0.0003151358230474947,0.0,0.0,ry+rz,2.0,5.0,0.004695299985385154,0.02618945677315995,0.024580473284980538,0.004776575145201337,0.005876608488985042,0.0032179669763588215,0.006014022689050184
digits_01,ibm_marrakesh,7,A042,left_ladder,3,6,13,0.00870888433585724,0.002002566311104102,0.009573977436131273,0.0002925775042374734,0.0007100179847002822,0.0006510416666666666,0.0,ry+rz,6.0,13.0,0.014085899956155461,0.05469428674641012,0.05094270868076405,0.009553150290402674,0.005876608488985042,0.0075031561312921685,0.0139238938139287
digits_01,ibm_marrakesh,7,A045,right_ladder,2,4,9,0.005289191484046346,0.0007801079959604527,0.005707688518272097,0.004286412915956041,0.0006173947953038231,0.0,0.0,ry+rz,4.0,9.0,0.00512973415988218,0.03395527977768528,0.031309359742287275,0.0071648627178020055,0.005876608488985042,0.005291840070796023,0.007846314304822027
digits_01,ibm_marrakesh,7,A047,right_ladder,4,8,17,0.006046136234662776,0.0018571094655399469,0.006538864680413065,0.0018413556766238293,0.0003858931155693325,0.0,0.0,ry+rz,8.0,17.0,0.010259468319764362,0.05597351776883572,0.05121936389748577,0.011941437863003343,0.005876608488985042,0.009508307742699899,0.013633541483033126
digits_01,ibm_marrakesh,7,A058,left_ladder,3,6,16,0.006866187250187478,0.0014718322812015084,0.007945771943041843,-0.0007387749725279816,0.00011713593050757809,0.0003255208333333333,0.0,rx+ry+rz,6.0,16.0,0.014085899956155461,0.07287558663905959,0.06751094997507529,0.01671801300820468,0.005876608488985042,0.010729273327968615,0.02010115519376148
digits_01,ibm_marrakesh,7,A059,left_ladder,4,8,21,0.010292674233747046,0.007018253992863568,0.011488376460085645,0.0035952633411027632,0.0003233774873155834,0.0006510416666666666,0.005208333333333333,rx+ry+rz,8.0,21.0,0.018781199941540615,0.09318843492323448,0.08621481477107078,0.021494588153406016,0.005876608488985042,0.013947240304327434,0.02611517788281167
digits_01,ibm_marrakesh,7,A063,right_ladder,4,8,21,0.004578251344654198,0.0005697898219829203,0.0054571037725664176,-0.007955508311754808,-0.0012697802557588937,0.0,-0.005208333333333333,rx+ry+rz,8.0,21.0,0.010259468319764362,0.08021525095903499,0.07331035228990075,0.021494588153406016,0.005876608488985042,0.013809797338268493,0.021869889989476834
iris_binary,ibm_fez,0,A000,full_chain,1,3,4,0.0189300198174162,0.0015249359314410606,0.02106361658686115,-0.1333315330989562,-0.012407473841567937,0.0,0.016666666666666663,ry,3.0,4.0,0.018218662768356427,0.06371821292605209,0.05988191340041049,0.012846211328114024,0.016616789502093072,0.007672599051283221,0.004527650750563749
iris_binary,ibm_fez,0,A003,full_chain,4,12,13,0.0386449347329415,0.003048567222944108,0.04280981179829483,-0.3488338076715202,-0.030308609162491146,0.0,0.0,ry,12.0,13.0,0.07287465107342571,0.1734667316212897,0.16107365227373116,0.03211552832028506,0.016616789502093072,0.024786158695117078,0.01468052468281023
iris_binary,ibm_fez,0,A013,right_ladder,2,4,7,0.016267070325778885,0.0015562183512926307,0.0180444259137601,-0.13075178632927914,-0.01075470858902386,0.0,0.0,ry,4.0,7.0,0.01022577222965498,0.06655378904786732,0.06171524618366427,0.019269316992171034,0.016616789502093072,0.009677085728406096,0.00592628173133909
iris_binary,ibm_fez,0,A015,right_ladder,4,8,13,0.01928176054362479,0.0018148628648751036,0.021744794277122916,-0.08435503151155956,-0.007702833292529253,0.0,0.0,ry,8.0,13.0,0.02045154445930996,0.10597220473476174,0.09727915859135827,0.03211552832028506,0.016616789502093072,0.01738609228680692,0.01070920402286326
iris_binary,ibm_fez,0,A018,full_chain,3,9,13,0.022963638201597063,0.0074345783877455916,0.024782082198521852,-0.06757969428531448,-0.020025142021127002,0.0,0.0,rx+rz,9.0,13.0,0.054655988305069285,0.1368838920562105,0.12734307264929093,0.025692422656228047,0.016616789502093072,0.019081638813839126,0.011296233372061402
iris_binary,ibm_fez,0,A020,outer_pairs,1,2,4,0.019035784726316455,0.0013744498212234265,0.02057838194577021,-0.15299897200913257,-0.01851986496789748,0.0,0.0,rx+rz,2.0,4.0,0.015231770392419753,0.058687655054938184,0.05532551980617918,0.012846211328114024,0.016616789502093072,0.00672427049751801,0.003906478086034323
iris_binary,ibm_fez,0,A022,outer_pairs,3,6,10,0.024237756427345023,0.008156283810111428,0.026639929475217223,-0.099906061414667,-0.020060004481743405,0.0,0.0,rx+rz,6.0,10.0,0.04569531117725926,0.12179221844286872,0.11367389186659699,0.025692422656228047,0.016616789502093072,0.016236653152543492,0.009432715378473122
iris_binary,ibm_fez,0,A025,left_ladder,2,4,9,0.02213681615819225,0.0030429949524243094,0.024060337661229152,-0.09213645033729405,-0.019156095076880614,0.0,0.0,rx+rz,4.0,9.0,0.03218533805893122,0.09198092026422441,0.08623045635337376,0.019269316992171034,0.016616789502093072,0.011500927821701316,0.00665808397847711
iris_binary,ibm_fez,0,A037,outer_pairs,2,4,7,0.02349363332988418,0.004601529054759978,0.02652667891324127,-0.13086865885561086,-0.02119510913328247,0.0,0.0,ry+rz,4.0,7.0,0.030463540784839507,0.09023993674890346,0.08449970583638808,0.019269316992171034,0.016616789502093072,0.01148046182503075,0.006669596732253721
iris_binary,ibm_fez,0,A040,left_ladder,1,2,5,0.01932500369347178,0.0015791459886717327,0.021345329883497077,-0.1966777515802438,-0.015346359299791501,0.0,0.0,ry+rz,2.0,5.0,0.01609266902946561,0.059558146812598654,0.05619089506467201,0.012846211328114024,0.016616789502093072,0.006734503495853293,0.0039007217091460164
iris_binary,ibm_fez,0,A042,left_ladder,3,6,13,0.032695954514264665,0.002053743113633538,0.035753051490148485,-0.270868021835923,-0.028036458746525068,0.003333333333333336,-0.01666666666666668,ry+rz,6.0,13.0,0.048278007088396836,0.12440369371585017,0.1162700176420755,0.025692422656228047,0.016616789502093072,0.01626735214754934,0.009415446247808202
iris_binary,ibm_fez,0,A045,right_ladder,2,4,9,0.015824325142324455,0.0013835333014973713,0.017788829352365473,-0.08620971330635328,-0.007717818976460321,0.0,0.0,ry+rz,4.0,9.0,0.01022577222965498,0.06655378904786732,0.06171524618366427,0.019269316992171034,0.016616789502093072,0.009677085728406096,0.00592628173133909
iris_binary,ibm_fez,0,A047,right_ladder,4,8,17,0.018630755790450426,4.959281533977957e-05,0.02123451175061565,-0.0035131071058424426,-0.004213523896620701,0.0,-0.016666666666666646,ry+rz,8.0,17.0,0.02045154445930996,0.10597220473476174,0.09727915859135827,0.03211552832028506,0.016616789502093072,0.01738609228680692,0.01070920402286326
iris_binary,ibm_fez,0,A058,left_ladder,3,6,16,0.02904527542254143,0.004382045544860085,0.03201018252493376,-0.06286898016308251,-0.018642520098605658,0.0,0.0,rx+ry+rz,6.0,16.0,0.048278007088396836,0.15595944529248967,0.1448736504637071,0.044961739648399085,0.016616789502093072,0.022171589657565154,0.012845524567252976
iris_binary,ibm_fez,0,A059,left_ladder,4,8,21,0.031334535755824296,0.02046610815930583,0.03463617429557227,-0.2173243119436149,-0.025819028081233947,0.0,0.016666666666666646,rx+ry+rz,8.0,21.0,0.06437067611786244,0.1989008026029953,0.18444775602628605,0.05780795097651311,0.016616789502093072,0.02890609315341845,0.01674624627639899
iris_binary,ibm_fez,0,A063,right_ladder,4,8,21,0.022225820089517276,0.010036324434041769,0.024292767401873958,-0.10467216845636336,-0.018753942358169684,0.0,0.0,rx+ry+rz,8.0,21.0,0.02045154445930996,0.1480465401702811,0.1354173356868671,0.05780795097651311,0.016616789502093072,0.025258408966828006,0.015282641782122953
iris_binary,ibm_fez,2,A000,full_chain,1,3,4,0.01730276581225351,0.001387415712074426,0.019250280247587803,-0.1265809852467832,-0.01136215455313705,0.0,0.016666666666666663,ry,3.0,4.0,0.01759325796063772,0.06059128376263195,0.05673120733661436,0.012948502319390447,0.013889965799580422,0.007720152852035193,0.004579328404970578
iris_binary,ibm_fez,2,A003,full_chain,4,12,13,0.03727051942610607,0.0029398599691918092,0.04128216060874085,-0.34286096840013336,-0.0292572760519544,0.0,0.0,ry,12.0,13.0,0.07037303184255086,0.16859740374925425,0.15617070242603323,0.03237125579847612,0.013889965799580422,0.02485340264644209,0.014683046338983728
iris_binary,ibm_fez,2,A013,right_ladder,2,4,7,0.014403123383233567,0.0013611912357816788,0.01597569377100032,-0.12143689056444962,-0.009539293963445716,0.0,0.0,ry,4.0,7.0,0.008058799669479094,0.06172145501416043,0.056846059830420084,0.01942275347908567,0.013889965799580422,0.009750790367480697,0.0057237505147942035
iris_binary,ibm_fez,2,A015,right_ladder,4,8,13,0.017397084983391233,0.0016265758825903056,0.01961598165677163,-0.07999263929331653,-0.006973700458710079,0.0,0.0,ry,8.0,13.0,0.016117599338958188,0.0988536662612297,0.09010741068736544,0.03237125579847612,0.013889965799580422,0.017492511147728502,0.010236078602622213
iris_binary,ibm_fez,2,A018,full_chain,3,9,13,0.021928689821516596,0.0070747218682997125,0.023675951521331905,-0.06476877287628972,-0.019112620686118204,0.0,0.0,rx+rz,9.0,13.0,0.05277977388191315,0.1325953637537135,0.1230242040628936,0.025897004638780894,0.013889965799580422,0.01914231938163979,0.011315140360979343
iris_binary,ibm_fez,2,A020,outer_pairs,1,2,4,0.01738512683750688,0.00124972766564157,0.018803718185853625,-0.14343412285884263,-0.01692191466353717,0.0,0.0,rx+rz,2.0,4.0,0.015449077393963246,0.056723053772970544,0.053290893228114346,0.012948502319390447,0.013889965799580422,0.006864321089712398,0.004139026625467836
iris_binary,ibm_fez,2,A022,outer_pairs,3,6,10,0.023156717359426666,0.0077476910776285894,0.0254580840568719,-0.09626567631334686,-0.019149246567653173,0.0,0.0,rx+rz,6.0,10.0,0.046347232181889735,0.12099067378472927,0.11270326173739356,0.025897004638780894,0.013889965799580422,0.0165748240946714,0.009994235022471118
iris_binary,ibm_fez,2,A025,left_ladder,2,4,9,0.020805489617919504,0.002845469498710017,0.022627424881215996,-0.08744826160830366,-0.018005240982108484,0.0,0.0,rx+rz,4.0,9.0,0.03141607738514529,0.08859612842544783,0.0828864694075973,0.01942275347908567,0.013889965799580422,0.011419318035701074,0.006738354708084829
iris_binary,ibm_fez,2,A037,outer_pairs,2,4,7,0.022101058714296073,0.004325442074525005,0.0249453157355419,-0.12515712627868467,-0.019948694521723005,0.0,0.0,ry+rz,4.0,7.0,0.030898154787926492,0.08885686377884991,0.08299707748275396,0.01942275347908567,0.013889965799580422,0.011719572592191897,0.007066630823969477
iris_binary,ibm_fez,2,A040,left_ladder,1,2,5,0.01765816142730393,0.0014300116766610626,0.019506223202800405,-0.1867640183556922,-0.01403862990510559,0.0033333333333332993,0.0,ry+rz,2.0,5.0,0.015708038692572646,0.0565926860962695,0.053235589190536,0.012948502319390447,0.013889965799580422,0.006714193811466986,0.003974888567525512
iris_binary,ibm_fez,2,A042,left_ladder,3,6,13,0.031224947868158232,0.0019365730614429718,0.03413540138889684,-0.26389027446647645,-0.02678155361429126,0.003333333333333336,-0.01666666666666668,ry+rz,6.0,13.0,0.04712411607771794,0.12059957075462614,0.11253734962465856,0.025897004638780894,0.013889965799580422,0.016124442259935166,0.009501820848644146
iris_binary,ibm_fez,2,A045,right_ladder,2,4,9,0.014006403160591492,0.0012178417228639572,0.015752863670332455,-0.08036372246487074,-0.006846948715762284,0.0,0.0,ry+rz,4.0,9.0,0.008058799669479094,0.06172145501416043,0.056846059830420084,0.01942275347908567,0.013889965799580422,0.009750790367480697,0.0057237505147942035
iris_binary,ibm_fez,2,A047,right_ladder,4,8,17,0.016817716421252387,5.20804587339087e-05,0.019161067037615363,-0.003249481017486159,-0.003837178944567763,0.0,-0.016666666666666646,ry+rz,8.0,17.0,0.016117599338958188,0.0988536662612297,0.09010741068736544,0.03237125579847612,0.013889965799580422,0.017492511147728502,0.010236078602622213
iris_binary,ibm_fez,2,A058,left_ladder,3,6,16,0.02782176231411834,0.004196367999512006,0.030648142801361706,-0.060408567546397195,-0.017831384964401897,0.0,0.0,rx+ry+rz,6.0,16.0,0.04712411607771794,0.15269740465715845,0.14162157914634152,0.045319758117866565,0.013889965799580422,0.022151651021633856,0.013136088129542733
iris_binary,ibm_fez,2,A059,left_ladder,4,8,21,0.03024254510318164,0.019712048852500837,0.03343761851431016,-0.21264478808335197,-0.024889389934375394,0.0,0.016666666666666646,rx+ry+rz,8.0,21.0,0.06283215477029058,0.1954001249538475,0.1809672025372971,0.05826826043725701,0.013889965799580422,0.02886584483310084,0.017110976697068247
iris_binary,ibm_fez,2,A063,right_ladder,4,8,21,0.02043905701484184,0.009221323265921726,0.022350883688511538,-0.0977769300528527,-0.017221435228178594,0.0,0.0,rx+ry+rz,8.0,21.0,0.016117599338958188,0.14165077813127275,0.1288863833829427,0.05826826043725701,0.013889965799580422,0.02552878949666009,0.015081768310486996
iris_binary,ibm_fez,4,A000,full_chain,1,3,4,0.015525739895886105,0.0009574236231266981,0.017284825370699145,-0.1175975502898728,-0.00993293122959707,0.0,0.016666666666666663,ry,3.0,4.0,0.014831652316696696,0.06295881764760299,0.05972343245190175,0.010894996546543549,0.013271268755777393,0.006470770391402478,0.014254744441481636
iris_binary,ibm_fez,4,A003,full_chain,4,12,13,0.03196339526370781,0.0023635936499837146,0.03550625384151034,-0.3185060561730488,-0.0251173172675928,0.0,0.0,ry,12.0,13.0,0.059326609266786776,0.1758549056648327,0.16545202106960605,0.02723749136635887,0.013271268755777393,0.020805769190453273,0.04481088249022973
iris_binary,ibm_fez,4,A013,right_ladder,2,4,7,0.013586912331328348,0.0010494278812852751,0.015078750708420822,-0.11567235343162528,-0.008656924837912167,0.0,0.0,ry,4.0,7.0,0.009711811213757656,0.06537808360677222,0.06134251028693261,0.01634249481981532,0.013271268755777393,0.008071146639679236,0.013945788857903004
iris_binary,ibm_fez,4,A015,right_ladder,4,8,13,0.01671610374376797,0.0009529753955220279,0.018943540662966208,-0.07488299166975709,-0.005729741195339967,0.003333333333333336,0.0,ry,8.0,13.0,0.019423622427515313,0.10542937890501802,0.09820445099453157,0.02723749136635887,0.013271268755777393,0.014449855820972924,0.023822212623907067
iris_binary,ibm_fez,4,A018,full_chain,3,9,13,0.018221904106779933,0.006455731344028797,0.019725417222683946,-0.055995397887247465,-0.01638460575721057,0.0,0.0,rx+rz,9.0,13.0,0.044494956950090085,0.1382228763257561,0.13020915819703793,0.021789993093087098,0.013271268755777393,0.016027436257436342,0.03462550314064703
iris_binary,ibm_fez,4,A020,outer_pairs,1,2,4,0.015439360133806077,0.0011074276966784573,0.016703673406244873,-0.13174881661925367,-0.015051810404102917,0.0,0.0,rx+rz,2.0,4.0,0.012289586780232951,0.05903325812076787,0.05614201079602589,0.010894996546543549,0.013271268755777393,0.005782494649483959,0.013903664063988042
iris_binary,ibm_fez,4,A022,outer_pairs,3,6,10,0.01966546409968301,0.006792003406668568,0.021646603528716016,-0.08475763199009034,-0.016264555791879853,0.0,0.0,rx+rz,6.0,10.0,0.03686876034069885,0.12644619774525076,0.11946489322941037,0.021789993093087098,0.013271268755777393,0.01396260903168078,0.03357226200816625
iris_binary,ibm_fez,4,A025,left_ladder,2,4,9,0.018019349198495096,0.002460294363606222,0.019621718401111574,-0.07752349459891361,-0.015624095091174609,0.0,0.0,rx+rz,4.0,9.0,0.025035624492563222,0.09250170984760206,0.08768579957573513,0.01634249481981532,0.013271268755777393,0.009631820543733858,0.023404590963845333
iris_binary,ibm_fez,4,A037,outer_pairs,2,4,7,0.01954211389748116,0.0031195330385925197,0.02199476527626072,-0.11378453564758373,-0.01765094194767841,0.0,0.0,ry+rz,4.0,7.0,0.024579173560465902,0.0927397279330093,0.08780345201271812,0.01634249481981532,0.013271268755777393,0.009872551840582368,0.023737963036077146
iris_binary,ibm_fez,4,A040,left_ladder,1,2,5,0.015773594977889185,0.00122172800161717,0.017445770308308146,-0.17426576546422815,-0.01237786970441194,0.0033333333333332993,0.0,ry+rz,2.0,5.0,0.012517812246281611,0.05891424907806425,0.05608318457753439,0.010894996546543549,0.013271268755777393,0.005662129001059703,0.013736978027872136
iris_binary,ibm_fez,4,A042,left_ladder,3,6,13,0.02688289028679355,0.001655040149063364,0.02936936524737627,-0.2418594826648753,-0.02287934044092353,0.003333333333333336,-0.01666666666666668,ry+rz,6.0,13.0,0.037553436738844835,0.12608917061713987,0.11928841457393587,0.021789993093087098,0.013271268755777393,0.013601512086408014,0.033072203899818534
iris_binary,ibm_fez,4,A045,right_ladder,2,4,9,0.013575530582061929,0.0004294364897639765,0.01523977432229648,-0.07559550262766745,-0.0059381847970611246,0.0,0.0,ry+rz,4.0,9.0,0.009711811213757656,0.06537808360677222,0.06134251028693261,0.01634249481981532,0.013271268755777393,0.008071146639679236,0.013945788857903004
iris_binary,ibm_fez,4,A047,right_ladder,4,8,17,0.016138497993970612,0.0002895723173676661,0.018423070675602882,-0.00015860368463553134,-0.002468356818385494,0.0,0.0,ry+rz,8.0,17.0,0.019423622427515313,0.10542937890501802,0.09820445099453157,0.02723749136635887,0.013271268755777393,0.014449855820972924,0.023822212623907067
iris_binary,ibm_fez,4,A058,left_ladder,3,6,16,0.024086302178063363,0.003954692968065805,0.02661686586183386,-0.0522391122161994,-0.01499440092391513,0.006666666666666636,0.0,rx+ry+rz,6.0,16.0,0.037553436738844835,0.16225572927538698,0.15291631704460465,0.03813248791290241,0.013271268755777393,0.018678824461564658,0.04528029917551535
iris_binary,ibm_fez,4,A059,left_ladder,4,8,21,0.026375920503942284,0.016224572635740432,0.02947467442403806,-0.19473571217516414,-0.021166629329389747,0.0,0.0,rx+ry+rz,8.0,21.0,0.050071248985126444,0.20789870959767381,0.19572823286636165,0.04902748445944597,0.013271268755777393,0.024340953462624368,0.05901727720338749
iris_binary,ibm_fez,4,A063,right_ladder,4,8,21,0.01819792543353803,0.009254602634275036,0.020003780303036865,-0.09037807505933344,-0.015462186970886823,0.0,0.0,rx+ry+rz,8.0,21.0,0.019423622427515313,0.1536514571160142,0.14304165428875662,0.04902748445944597,0.013271268755777393,0.021219605654515118,0.04009967299150283
iris_binary,ibm_fez,7,A000,full_chain,1,3,4,0.014304877242298952,0.0011668705217043414,0.015911072939670298,-0.1134006597798527,-0.009456308350988438,0.0,0.016666666666666663,ry,3.0,4.0,0.010424082802984125,0.046949288447743986,0.04381762857882457,0.008922607674903,0.014013751155930846,0.006263319737838831,0.004193867207167764
iris_binary,ibm_fez,7,A003,full_chain,4,12,13,0.026865655071911822,0.0021876164172958627,0.02973088278578968,-0.29223274066890204,-0.02130720561650083,0.0,0.0,ry,12.0,13.0,0.041696331211936506,0.1217801881285672,0.11168807349778953,0.0223065191872575,0.014013751155930846,0.02018422926155536,0.013487242681109311
iris_binary,ibm_fez,7,A013,right_ladder,2,4,7,0.013076781589823285,0.0012375551798272989,0.014502956303429038,-0.1145063526180239,-0.008689437932183222,0.0,0.0,ry,4.0,7.0,0.008054935797451136,0.05180842929157379,0.04807067283768225,0.013383911512354503,0.014013751155930846,0.00747551290778307,0.0051425614641627026
iris_binary,ibm_fez,7,A015,right_ladder,4,8,13,0.015253695087780355,0.001451866163733591,0.017191333133032605,-0.07491835722773636,-0.006199952741764224,0.0,0.0,ry,8.0,13.0,0.01610987159490227,0.08161120336234468,0.07494719873619493,0.0223065191872575,0.014013751155930846,0.013328009252299485,0.009189047545804824
iris_binary,ibm_fez,7,A018,full_chain,3,9,13,0.01629101189685349,0.00514437178332647,0.017639928535055614,-0.04904970927368083,-0.01412679359222028,0.0,0.0,rx+rz,9.0,13.0,0.03127224840895238,0.09683655490162613,0.08906459185813455,0.017845215349806,0.014013751155930846,0.015543926086983184,0.010389450856462128
iris_binary,ibm_fez,7,A020,outer_pairs,1,2,4,0.014368395963499031,0.0010253088391013075,0.015555067311209375,-0.12503175069496134,-0.01400103561299513,0.0,0.0,rx+rz,2.0,4.0,0.008105396978790017,0.043104639919977476,0.04033198662439694,0.008922607674903,0.014013751155930846,0.00554530659116108,0.003744924223611992
iris_binary,ibm_fez,7,A022,outer_pairs,3,6,10,0.017327941966007107,0.005504681810245914,0.01903338727162078,-0.0753919650548633,-0.014224574209383408,0.0,0.0,rx+rz,6.0,10.0,0.024316190936370052,0.0853026093183266,0.07860766599485164,0.017845215349806,0.014013751155930846,0.013389886646949931,0.009042621905794811
iris_binary,ibm_fez,7,A025,left_ladder,2,4,9,0.016058189166125895,0.002152525456846158,0.017502012349719532,-0.07002771172338158,-0.013897395992733708,0.0,0.0,rx+rz,4.0,9.0,0.017430601456905333,0.06576325278919135,0.06089665979529963,0.013383911512354503,0.014013751155930846,0.00973318598778341,0.006335209682325538
iris_binary,ibm_fez,7,A037,outer_pairs,2,4,7,0.017035591112710257,0.0034678103338487073,0.019211583687361866,-0.10320894490768769,-0.015395906644124435,0.0,0.0,ry+rz,4.0,7.0,0.016210793957580034,0.06420362461915202,0.05946982630962428,0.013383911512354503,0.014013751155930846,0.009467596619055503,0.006393773064703401
iris_binary,ibm_fez,7,A040,left_ladder,1,2,5,0.014597701577347877,0.0011694563829043358,0.0161272817121793,-0.16709793149420246,-0.011651085867078045,0.0033333333333332993,0.0,ry+rz,2.0,5.0,0.008715300728452667,0.04388445400499713,0.04104540336723461,0.008922607674903,0.014013751155930846,0.005678101275525034,0.0037156425324230595
iris_binary,ibm_fez,7,A042,left_ladder,3,6,13,0.023162279006654976,0.0013621027299132841,0.02528621001983684,-0.2220331749323913,-0.019937313260696216,0.003333333333333336,-0.01666666666666668,ry+rz,6.0,13.0,0.026145902185358002,0.08764205157338555,0.08074791622336466,0.017845215349806,0.014013751155930846,0.013788270700041788,0.008954776832228015
iris_binary,ibm_fez,7,A045,right_ladder,2,4,9,0.012701324568418848,0.0011361289993800814,0.014287258978982259,-0.07608249558362747,-0.006250790719164641,0.0,0.0,ry+rz,4.0,9.0,0.008054935797451136,0.05180842929157379,0.04807067283768225,0.013383911512354503,0.014013751155930846,0.00747551290778307,0.0051425614641627026
iris_binary,ibm_fez,7,A047,right_ladder,4,8,17,0.01474913825994576,4.057899938921284e-05,0.016801720722221334,-0.003110264044228502,-0.0034731200831489193,0.0,-0.016666666666666646,ry+rz,8.0,17.0,0.01610987159490227,0.08161120336234468,0.07494719873619493,0.0223065191872575,0.014013751155930846,0.013328009252299485,0.009189047545804824
iris_binary,ibm_fez,7,A058,left_ladder,3,6,16,0.0209820478642488,0.0031452683145765667,0.023046619366530186,-0.046564981292994356,-0.013435289695918664,0.0,0.0,rx+ry+rz,6.0,16.0,0.026145902185358002,0.11161776376800175,0.10228910357308088,0.031229126862160502,0.014013751155930846,0.01865732038984176,0.012243002979789764
iris_binary,ibm_fez,7,A059,left_ladder,4,8,21,0.02217045244735491,0.014525456592039668,0.024482391786309298,-0.1749111275148443,-0.01825187529597962,0.0,0.016666666666666646,rx+ry+rz,8.0,21.0,0.03486120291381067,0.14148846661706804,0.12932075578438465,0.040151734537063506,0.014013751155930846,0.0243354216653668,0.015958645512212825
iris_binary,ibm_fez,7,A063,right_ladder,4,8,21,0.017334608640164454,0.0077171687730522845,0.0189660899641759,-0.08526798971030962,-0.014577421273372878,0.0,0.0,rx+ry+rz,8.0,21.0,0.01610987159490227,0.11357881962183294,0.10366878186914989,0.040151734537063506,0.014013751155930846,0.019820075505366117,0.013573349075887156
iris_binary,ibm_kingston,0,A000,full_chain,1,3,4,0.008953326744444469,0.0007105097444515638,0.009968844461292708,-0.08598434570993337,-0.005976362436974571,0.0,0.0,ry,3.0,4.0,0.0057621587316368916,0.03510238373173163,0.032277953347787554,0.005581899753922511,0.01178795575204224,0.005648860767888137,0.003497078342297775
iris_binary,ibm_kingston,0,A003,full_chain,4,12,13,0.012775769737346085,0.0009987550008138922,0.014165535093415131,-0.1986586505835204,-0.010429228945119736,0.0,0.0,ry,12.0,13.0,0.023048634926547566,0.08661807206370575,0.07774821729328668,0.01395474938480628,0.01178795575204224,0.01773970954083813,0.011217167689052475
iris_binary,ibm_kingston,0,A013,right_ladder,2,4,7,0.008689330174654139,0.000836474479970114,0.009640671830994376,-0.08863213885625149,-0.00582305775825039,0.0,0.0,ry,4.0,7.0,0.00800149614661967,0.04618284025315693,0.04202492298021433,0.008372849630883767,0.01178795575204224,0.008315834545885194,0.005546786904783462
iris_binary,ibm_kingston,0,A015,right_ladder,4,8,13,0.009185018683660675,0.0008581418933018808,0.010361837790505875,-0.057207076028470694,-0.003755644745957696,0.0,0.0,ry,8.0,13.0,0.01600299229323934,0.07443519288524028,0.06692864726114081,0.01395474938480628,0.01178795575204224,0.015013091248198914,0.010169858582854047
iris_binary,ibm_kingston,0,A018,full_chain,3,9,13,0.008140167583097874,0.0027328483659381105,0.008783293494721307,-0.026126426177154882,-0.007332795455966823,0.0,0.0,rx+rz,9.0,13.0,0.017286476194910673,0.06944617595304771,0.06259146264478697,0.011163799507845022,0.01178795575204224,0.013709426616521468,0.008643804573467575
iris_binary,ibm_kingston,0,A020,outer_pairs,1,2,4,0.009013739169876862,0.000660647997393229,0.00972983992001005,-0.08886166411414242,-0.008916454910858629,0.0,0.0,rx+rz,2.0,4.0,0.0041717951105434735,0.031805870467222865,0.029327423144254045,0.005581899753922511,0.01178795575204224,0.004956894645937637,0.0028288778818081825
iris_binary,ibm_kingston,0,A022,outer_pairs,3,6,10,0.008615585806339782,0.0029836114968487468,0.009475573610743544,-0.04234876887141573,-0.007360621108037979,0.0,0.0,rx+rz,6.0,10.0,0.01251538533163042,0.05955663615952142,0.05373987203418643,0.011163799507845022,0.01178795575204224,0.011633528250669965,0.006639203191998795
iris_binary,ibm_kingston,0,A025,left_ladder,2,4,9,0.008828261334809661,0.0012283513551833518,0.009581473440929392,-0.04163772345716824,-0.007819426078093087,0.0,0.0,rx+rz,4.0,9.0,0.006703548558840948,0.04290001747738653,0.039098530016919014,0.008372849630883767,0.01178795575204224,0.0076029749209350315,0.004631201154217028
iris_binary,ibm_kingston,0,A037,outer_pairs,2,4,7,0.009399513686965268,0.0017452357114369078,0.010614319707871384,-0.06560596210487042,-0.008681136328519523,0.0,0.0,ry+rz,4.0,7.0,0.008343590221086947,0.04568125331337215,0.04153364758922025,0.008372849630883767,0.01178795575204224,0.008295211448303802,0.0047340405369034905
iris_binary,ibm_kingston,0,A040,left_ladder,1,2,5,0.009143795682212288,0.0007646381333718425,0.01009920082749173,-0.1255229210275058,-0.007390961152618909,0.0,0.0,ry+rz,2.0,5.0,0.003351774279420474,0.030415252549230054,0.028109864358103427,0.005581899753922511,0.01178795575204224,0.004610776382253251,0.0027774581904649515
iris_binary,ibm_kingston,0,A042,left_ladder,3,6,13,0.01168301894695944,0.0007534825501181022,0.012784777951067477,-0.14790580639620413,-0.010339305309057042,0.003333333333333336,-0.01666666666666668,ry+rz,6.0,13.0,0.01005532283826142,0.055384782405542995,0.050087195675734594,0.011163799507845022,0.01178795575204224,0.01059517345961681,0.0064849441179691035
iris_binary,ibm_kingston,0,A045,right_ladder,2,4,9,0.008486476102160927,0.0006861714779006499,0.00952563302513746,-0.059932515462237324,-0.004189554029431645,0.0,0.0,ry+rz,4.0,9.0,0.00800149614661967,0.04618284025315693,0.04202492298021433,0.008372849630883767,0.01178795575204224,0.008315834545885194,0.005546786904783462
iris_binary,ibm_kingston,0,A047,right_ladder,4,8,17,0.008862204748528507,2.451498266769995e-05,0.010108265914778052,-0.001804416896020437,-0.0020603127310971914,0.0,0.0,ry+rz,8.0,17.0,0.01600299229323934,0.07443519288524028,0.06692864726114081,0.01395474938480628,0.01178795575204224,0.015013091248198914,0.010169858582854047
iris_binary,ibm_kingston,0,A058,left_ladder,3,6,16,0.00990125974962494,0.0015353662323537545,0.010915308239215918,-0.023851875085195744,-0.006576549472420599,0.0,0.0,rx+ry+rz,6.0,16.0,0.01005532283826142,0.07381237801263701,0.0660869245174714,0.01953664913872879,0.01178795575204224,0.01545090699033123,0.009256089798107731
iris_binary,ibm_kingston,0,A059,left_ladder,4,8,21,0.009962754312331873,0.006477769991429748,0.011044750986152393,-0.1027928068807954,-0.008562897132993843,0.0,0.0,rx+ry+rz,8.0,21.0,0.013407097117681894,0.09243967480982483,0.0824088331235326,0.025118548892651298,0.01178795575204224,0.020061683372584484,0.012033547988572684
iris_binary,ibm_kingston,0,A063,right_ladder,4,8,21,0.009115848259947991,0.004141198765453152,0.009960085384946327,-0.04993308952365538,-0.007896724725612167,-0.003333333333333336,0.0,rx+ry+rz,8.0,21.0,0.01600299229323934,0.09900532036136564,0.08826161905012322,0.025118548892651298,0.01178795575204224,0.02148740262248481,0.013864719489705551
iris_binary,ibm_kingston,2,A000,full_chain,1,3,4,0.00472879963446319,0.0003808985302623327,0.005264077616467965,-0.0578687893203584,-0.0031855882200179098,0.0,0.0,ry,3.0,4.0,0.004169659793354989,0.02226203734974371,0.02048039932465268,0.004417554966388909,0.005999405812157707,0.0035632760501820688,0.002330502702569005
iris_binary,ibm_kingston,2,A003,full_chain,4,12,13,0.007165932126906085,0.0005641722025293268,0.007947910092156134,-0.14221082207425026,-0.005896674708934864,0.0,0.0,ry,12.0,13.0,0.016678639173419954,0.05801762433219797,0.05243325731964151,0.011043887415972273,0.005999405812157707,0.011168734025112929,0.007542590892978644
iris_binary,ibm_kingston,2,A013,right_ladder,2,4,7,0.0044368536825498085,0.0004307017070678495,0.004922920595955836,-0.05643944596020545,-0.0030024692291534725,0.0,0.0,ry,4.0,7.0,0.005655239562527027,0.030000457588792308,0.027371019969086554,0.006626332449583364,0.005999405812157707,0.005258875239411513,0.0038311669054069434
iris_binary,ibm_kingston,2,A015,right_ladder,4,8,13,0.004685168337839828,0.00044647688935260926,0.005283911446934232,-0.03922694125914641,-0.00196539170694802,0.0,0.0,ry,8.0,13.0,0.011310479125054054,0.04965740682199232,0.0449125932785167,0.011043887415972273,0.005999405812157707,0.009489627086951242,0.007069193838381427
iris_binary,ibm_kingston,2,A018,full_chain,3,9,13,0.004483365969467795,0.0015205086695744441,0.004841005257611458,-0.014715142212772333,-0.0040633958788873215,0.0,0.0,rx+rz,9.0,13.0,0.012508979380064967,0.04609909533804655,0.04178230465464523,0.008835109932777818,0.005999405812157707,0.008633581366802642,0.005805228162842098
iris_binary,ibm_kingston,2,A020,outer_pairs,1,2,4,0.004761578114071431,0.0003479119680077501,0.005141594743648181,-0.05432055894977764,-0.00472864186665591,0.0,0.0,rx+rz,2.0,4.0,0.002911683406701519,0.019868077182233542,0.018293763238429874,0.004417554966388909,0.005999405812157707,0.003148627887607335,0.0018164911655744061
iris_binary,ibm_kingston,2,A022,outer_pairs,3,6,10,0.004766420753524943,0.0016386848977960116,0.005243949690567182,-0.024702167697944127,-0.004088271078162546,0.0,0.0,rx+rz,6.0,10.0,0.008735050220104556,0.038917214835516044,0.035222396395976824,0.008835109932777818,0.005999405812157707,0.00738963687907844,0.004263193551858301
iris_binary,ibm_kingston,2,A025,left_ladder,2,4,9,0.004785656322692186,0.00066165874540572,0.005196738784300568,-0.02362003948471525,-0.004255096951670405,0.0,0.0,rx+rz,4.0,9.0,0.005200032797489892,0.027999742532584637,0.025623132547661808,0.006626332449583364,0.005999405812157707,0.004753219969845659,0.0030441415185851846
iris_binary,ibm_kingston,2,A037,outer_pairs,2,4,7,0.005095991257909422,0.0009519129255595968,0.005753865431929711,-0.03959920432319408,-0.0047293253145634,0.0,0.0,ry+rz,4.0,7.0,0.005823366813403038,0.02939264600887479,0.026758079817203347,0.006626332449583364,0.005999405812157707,0.005269132383342888,0.003039842358716354
iris_binary,ibm_kingston,2,A040,left_ladder,1,2,5,0.0048299513177591175,0.0004024849762281238,0.005334343302855405,-0.0812787041344611,-0.003930072449567168,0.0,0.0,ry+rz,2.0,5.0,0.002600016398744946,0.019171625444088465,0.017726289603659105,0.004417554966388909,0.005999405812157707,0.0028906716808587206,0.0018186407455088216
iris_binary,ibm_kingston,2,A042,left_ladder,3,6,13,0.006458938112130432,0.0004149477795509106,0.007065704036168831,-0.10059076464673529,-0.0057479181254739276,0.003333333333333336,0.0,ry+rz,6.0,13.0,0.007800049196234838,0.0368278596210808,0.0335199754916645,0.008835109932777818,0.005999405812157707,0.006615768258832596,0.004269642291661546
iris_binary,ibm_kingston,2,A045,right_ladder,2,4,9,0.004323505394206037,0.00037054605280383463,0.004855619242318283,-0.039733132321036924,-0.0021714864618985565,0.0,0.0,ry+rz,4.0,9.0,0.005655239562527027,0.030000457588792308,0.027371019969086554,0.006626332449583364,0.005999405812157707,0.005258875239411513,0.0038311669054069434
iris_binary,ibm_kingston,2,A047,right_ladder,4,8,17,0.004523833529079823,1.0114515812659675e-05,0.0051584296450161715,-0.0010655725538699274,-0.0011096048882970055,0.0,0.0,ry+rz,8.0,17.0,0.011310479125054054,0.04965740682199232,0.0449125932785167,0.011043887415972273,0.005999405812157707,0.009489627086951242,0.007069193838381427
iris_binary,ibm_kingston,2,A058,left_ladder,3,6,16,0.0054415536737570875,0.0008555519025171346,0.005993755861794104,-0.013429617391047458,-0.0036269937451408143,0.0,0.0,rx+ry+rz,6.0,16.0,0.007800049196234838,0.04986016725138457,0.0450100980341606,0.015461442382361183,0.005999405812157707,0.009700138434447945,0.006049062208958925
iris_binary,ibm_kingston,2,A059,left_ladder,4,8,21,0.0055325790645688695,0.0035928954849079216,0.006137722030695694,-0.06510063934741099,-0.004782515736121669,0.0,0.0,rx+ry+rz,8.0,21.0,0.010400065594979784,0.06303238688331533,0.05673698182566199,0.019878997348750094,0.005999405812157707,0.012590810115306664,0.007867702954467747
iris_binary,ibm_kingston,2,A063,right_ladder,4,8,21,0.004686753923887354,0.0020937661412178165,0.005121294711721787,-0.027143036256876973,-0.004061642981384543,-0.003333333333333336,0.0,rx+ry+rz,8.0,21.0,0.011310479125054054,0.06703381699573069,0.060232756668511495,0.019878997348750094,0.005999405812157707,0.013602120654438374,0.009441753728111265
iris_binary,ibm_kingston,4,A000,full_chain,1,3,4,0.004841133218199124,0.0003933285113695615,0.005387812592368149,-0.05872579996803725,-0.003261705984272454,0.0,0.0,ry,3.0,4.0,0.0032586540699140604,0.02929854126129721,0.026813874349779724,0.005042465633752678,0.0061222182163648805,0.0049693338230349755,0.007421202606713129
iris_binary,ibm_kingston,4,A003,full_chain,4,12,13,0.007120106485835322,0.0005599816140163024,0.007898732729960965,-0.14148933517173662,-0.005826597470950055,0.0,0.0,ry,12.0,13.0,0.01303461627965624,0.07953706000229599,0.07166344812979449,0.012606164084381696,0.0061222182163648805,0.01574722374500301,0.024153225804388657
iris_binary,ibm_kingston,4,A013,right_ladder,2,4,7,0.004781687234066201,0.0004630125310834183,0.005304882253385028,-0.05944021159970516,-0.0032339125888014206,0.0,0.0,ry,4.0,7.0,0.004931682507135297,0.041870091117772,0.03835378305530543,0.007563698450629017,0.0061222182163648805,0.007032616124933139,0.012703567756243095
iris_binary,ibm_kingston,4,A015,right_ladder,4,8,13,0.005182181478475907,0.000494563502939981,0.0058440515271919735,-0.04161287946948217,-0.002174468721770332,0.0,0.0,ry,8.0,13.0,0.009863365014270592,0.07118781388791304,0.06484354968750271,0.012606164084381696,0.0061222182163648805,0.012688528400820645,0.023563273971664897
iris_binary,ibm_kingston,4,A018,full_chain,3,9,13,0.0044738003217480995,0.0015532263408827582,0.004844880963166677,-0.0147340913727666,-0.0040624397801170735,0.0,0.0,rx+rz,9.0,13.0,0.009775962209742181,0.06279088708862973,0.056713590203122895,0.010084931267505357,0.0061222182163648805,0.012154593771013664,0.018575884738496813
iris_binary,ibm_kingston,4,A020,outer_pairs,1,2,4,0.004873137519094282,0.0003544117357486896,0.005264818127434225,-0.05529678462575616,-0.00483083060912524,0.0,0.0,rx+rz,2.0,4.0,0.002276234136043834,0.025411977261479958,0.023303899492628833,0.005042465633752678,0.0061222182163648805,0.0042161555377022465,0.005646825968765194
iris_binary,ibm_kingston,4,A022,outer_pairs,3,6,10,0.004774121346077632,0.0016443972533171103,0.005262222178241481,-0.024732132860790085,-0.004082884006677279,0.0,0.0,rx+rz,6.0,10.0,0.0068287024081315015,0.05113119508917796,0.046183665631670215,0.010084931267505357,0.0061222182163648805,0.009895058915015478,0.013252754824653008
iris_binary,ibm_kingston,4,A025,left_ladder,2,4,9,0.004842907073797357,0.0006539864624716133,0.0052658913463779905,-0.023846100313529184,-0.004292181318797124,0.0,0.0,rx+rz,4.0,9.0,0.0035504655004332765,0.037360419666989095,0.03377751177204233,0.007563698450629017,0.0061222182163648805,0.007165815789893534,0.009375313814721616
iris_binary,ibm_kingston,4,A037,outer_pairs,2,4,7,0.005176701293729518,0.0009405120007641459,0.005839047318345329,-0.039964762045839576,-0.004775524322663038,0.0,0.0,ry+rz,4.0,7.0,0.004552468272087668,0.03827158617532897,0.034743782562149536,0.007563698450629017,0.0061222182163648805,0.007055607226358864,0.009449790396709104
iris_binary,ibm_kingston,4,A040,left_ladder,1,2,5,0.0049442480021624794,0.000408939213304969,0.005460611434695446,-0.08260987497580034,-0.004019664986290731,0.0,0.0,ry+rz,2.0,5.0,0.0017752327502166382,0.02495639400731002,0.02282076409757523,0.005042465633752678,0.0061222182163648805,0.004271259819469582,0.00560958767777145
iris_binary,ibm_kingston,4,A042,left_ladder,3,6,13,0.006480528441044152,0.0003996604781355596,0.007088687226697106,-0.10073564578525189,-0.0057492479917842605,0.003333333333333336,-0.01666666666666668,ry+rz,6.0,13.0,0.005325698250649914,0.049764445326668155,0.04473425944650941,0.010084931267505357,0.0061222182163648805,0.010060371760317485,0.013141039951671775
iris_binary,ibm_kingston,4,A045,right_ladder,2,4,9,0.004655058171567235,0.00040585084443698754,0.005229717888188902,-0.041654668160774934,-0.002339548171176977,0.0,0.0,ry+rz,4.0,9.0,0.004931682507135297,0.041870091117772,0.03835378305530543,0.007563698450629017,0.0061222182163648805,0.007032616124933139,0.012703567756243095
iris_binary,ibm_kingston,4,A047,right_ladder,4,8,17,0.005005407645065186,1.118161540133626e-05,0.0057066099598492145,-0.00118820096047693,-0.0012316113747873152,0.0,0.0,ry+rz,8.0,17.0,0.009863365014270592,0.07118781388791304,0.06484354968750271,0.012606164084381696,0.0061222182163648805,0.012688528400820645,0.023563273971664897
iris_binary,ibm_kingston,4,A058,left_ladder,3,6,16,0.005697954345479368,0.0009082676462829382,0.006271619712102793,-0.01397320669255738,-0.003764954899061599,0.0,0.0,rx+ry+rz,6.0,16.0,0.005325698250649914,0.06905489572046637,0.061959654066739187,0.017648629718134374,0.0061222182163648805,0.014190483307454378,0.01867262457413564
iris_binary,ibm_kingston,4,A059,left_ladder,4,8,21,0.005730997102422547,0.0037143265134393917,0.006391424033687545,-0.0674142574567473,-0.005023516623540586,0.0,0.0,rx+ry+rz,8.0,21.0,0.007100931000866553,0.08788907151141152,0.07865819994794954,0.022691095351887052,0.0061222182163648805,0.01846174312692396,0.02428221225190709
iris_binary,ibm_kingston,4,A063,right_ladder,4,8,21,0.005385690118405478,0.002404222271644253,0.0058857241144712425,-0.030856350265215122,-0.004656751481730818,-0.003333333333333336,0.0,rx+ry+rz,8.0,21.0,0.009863365014270592,0.09690841441297735,0.08781074251447575,0.022691095351887052,0.0061222182163648805,0.018195343797003175,0.03093872013495005
iris_binary,ibm_kingston,7,A000,full_chain,1,3,4,0.008655923408069291,0.0006694096158759604,0.009645845376544707,-0.08427108281210254,-0.005772896279954698,0.0,0.0,ry,3.0,4.0,0.0049272296326031695,0.03394627164937872,0.03181916096628852,0.007091368501732831,0.01203502184347814,0.004254221366180388,0.003511319622293992
iris_binary,ibm_kingston,7,A003,full_chain,4,12,13,0.01139911341268362,0.0008553258618768236,0.012649866492220205,-0.18679693374541037,-0.009363670330111687,0.0,0.0,ry,12.0,13.0,0.019708918530412678,0.08126003167143175,0.07446283615866472,0.017728421254332077,0.01203502184347814,0.013594391025534041,0.011396083504907787
iris_binary,ibm_kingston,7,A013,right_ladder,2,4,7,0.008626058242049886,0.0008259454239823452,0.009570639240580254,-0.08821146171716258,-0.0057691673812706,0.0,0.0,ry,4.0,7.0,0.0075930205806086885,0.045619037100858226,0.04240788775340444,0.010637052752599246,0.01203502184347814,0.006422298694907584,0.005720493881810782
iris_binary,ibm_kingston,7,A015,right_ladder,4,8,13,0.009007913444611838,0.0008235250982740003,0.010167050400739728,-0.05639197868335396,-0.003612909110227047,0.0,0.0,ry,8.0,13.0,0.015186041161217377,0.07306305589302209,0.0672111729379791,0.017728421254332077,0.01203502184347814,0.011703765910085996,0.010557922768865502
iris_binary,ibm_kingston,7,A018,full_chain,3,9,13,0.007332696676035061,0.0025580496618757454,0.007900133479187036,-0.023973625554445377,-0.006739760010346818,0.0,0.0,rx+rz,9.0,13.0,0.014781688897809508,0.0654887783307474,0.06024827776120599,0.014182737003465663,0.01203502184347814,0.010481001139082824,0.008767828877369854
iris_binary,ibm_kingston,7,A020,outer_pairs,1,2,4,0.008720267880148028,0.000647001356960611,0.009401649706906172,-0.08678254127579899,-0.008667110217217352,0.0,0.0,rx+rz,2.0,4.0,0.003415824599605422,0.030487296101262707,0.028740397897927414,0.007091368501732831,0.01203502184347814,0.0034937964066705848,0.002704386546440436
iris_binary,ibm_kingston,7,A022,outer_pairs,3,6,10,0.007742382732490384,0.0028352536594458103,0.008517770164073842,-0.039037890460131806,-0.0067413846981603616,0.0,0.0,rx+rz,6.0,10.0,0.010247473798816267,0.05511185168639938,0.05101198855612267,0.014182737003465663,0.01203502184347814,0.008199726260553415,0.006347029649809186
iris_binary,ibm_kingston,7,A025,left_ladder,2,4,9,0.008227017212641982,0.0011732017097324712,0.008910298554626224,-0.03924514724669004,-0.007352481821637354,0.0,0.0,rx+rz,4.0,9.0,0.005284248750593147,0.04147145022456368,0.03852712176659811,0.010637052752599246,0.01203502184347814,0.005888656915931142,0.0046821415039964365
iris_binary,ibm_kingston,7,A037,outer_pairs,2,4,7,0.008804127063193485,0.0014912490461377657,0.00994340958492343,-0.06237772227659014,-0.008194088992816484,0.0,0.0,ry+rz,4.0,7.0,0.006831649199210844,0.042799573893831044,0.03987619322702504,0.010637052752599246,0.01203502184347814,0.005846761333612001,0.004525708098124813
iris_binary,ibm_kingston,7,A040,left_ladder,1,2,5,0.008841513066223357,0.0007537716728732885,0.009767031127035211,-0.12297728143873632,-0.00716100429682041,0.0,0.0,ry+rz,2.0,5.0,0.0026421243752965734,0.02982323426662903,0.028065862167713947,0.007091368501732831,0.01203502184347814,0.0035147441978301552,0.002782603249376248
iris_binary,ibm_kingston,7,A042,left_ladder,3,6,13,0.010609556053962696,0.0007255548992593318,0.011622894366933907,-0.13972861988331417,-0.00946511909741532,0.003333333333333336,0.0,ry+rz,6.0,13.0,0.00792637312588972,0.05311966618249833,0.04898838136548227,0.014182737003465663,0.01203502184347814,0.008262569634032126,0.0065816797586166235
iris_binary,ibm_kingston,7,A045,right_ladder,2,4,9,0.008460417965138635,0.0006177957920401359,0.009483886998536103,-0.05960466688359006,-0.004136211382917139,0.0,0.0,ry+rz,4.0,9.0,0.0075930205806086885,0.045619037100858226,0.04240788775340444,0.010637052752599246,0.01203502184347814,0.006422298694907584,0.005720493881810782
iris_binary,ibm_kingston,7,A047,right_ladder,4,8,17,0.00866885647734593,3.089340124522106e-05,0.009901652753395454,-0.001498352890937027,-0.0019067228814520591,0.0,0.0,ry+rz,8.0,17.0,0.015186041161217377,0.07306305589302209,0.0672111729379791,0.017728421254332077,0.01203502184347814,0.011703765910085996,0.010557922768865502
iris_binary,ibm_kingston,7,A058,left_ladder,3,6,16,0.008806579155246972,0.0014115141343435903,0.00976352987870882,-0.02173981475765559,-0.005944833357913663,0.0,0.0,rx+ry+rz,6.0,16.0,0.00792637312588972,0.07153965557814704,0.06569712354153721,0.024819789756064907,0.01203502184347814,0.011685064073219635,0.009230874742884804
iris_binary,ibm_kingston,7,A059,left_ladder,4,8,21,0.008854807049384942,0.005616981417000703,0.009857564540288657,-0.0949683533142291,-0.007692314191628746,0.0,0.0,rx+ry+rz,8.0,21.0,0.010568497501186292,0.08932786800129791,0.08172796386577302,0.031911158257797737,0.01203502184347814,0.015199808271049794,0.012013477992261054
iris_binary,ibm_kingston,7,A063,right_ladder,4,8,21,0.008638678817312536,0.004055965037787897,0.009441577414663137,-0.048239720481234705,-0.007628293973269658,-0.003333333333333336,0.0,rx+ry+rz,8.0,21.0,0.015186041161217377,0.09762304175388702,0.08948949583938567,0.031911158257797737,0.01203502184347814,0.016267091829002676,0.014090182747889743
iris_binary,ibm_marrakesh,0,A000,full_chain,1,3,4,0.0038872565232949264,0.00018228969094898897,0.004333768440352504,-0.05006628241828585,-0.002485456696243541,0.0,0.0,ry,3.0,4.0,0.005607275424824075,0.026533303625334202,0.024630862322824243,0.005215291016078174,0.003546319827933037,0.003804882605019929,0.006457093448969024
iris_binary,ibm_marrakesh,0,A003,full_chain,4,12,13,0.007785990216264732,0.0005297956307522071,0.008710555278950092,-0.1498037879893421,-0.006342867757758959,0.0,0.0,ry,12.0,13.0,0.0224291016992963,0.07665203928850847,0.07067516340686983,0.013038227540195433,0.003546319827933037,0.011953751763277273,0.01970776257616778
iris_binary,ibm_marrakesh,0,A013,right_ladder,2,4,7,0.003434683442159366,0.00022851466456931551,0.003815674328907094,-0.045936065123977576,-0.002164879020514876,0.0,0.0,ry,4.0,7.0,0.0062695375117128305,0.033481567744605034,0.03075826603378482,0.00782293652411726,0.003546319827933037,0.0054466034216404296,0.007672868748381268
iris_binary,ibm_marrakesh,0,A015,right_ladder,4,8,13,0.004244375541311109,0.00011361764297135278,0.004821977900767472,-0.03436343536895525,-0.001323145708517992,0.0,0.0,ry,8.0,13.0,0.012539075023425661,0.057136077084933956,0.05223377010609394,0.013038227540195433,0.003546319827933037,0.009804613957680043,0.01330553375685976
iris_binary,ibm_marrakesh,0,A018,full_chain,3,9,13,0.004261578141887229,0.0017219853242465253,0.004630900985743387,-0.014691406957090111,-0.00409212423171131,0.0,0.0,rx+rz,9.0,13.0,0.016821826274472224,0.059945794067450375,0.05532706304552129,0.010430582032156348,0.003546319827933037,0.009237462043858159,0.01529087286710153
iris_binary,ibm_marrakesh,0,A020,outer_pairs,1,2,4,0.00383962996588004,0.00027933396113191965,0.004148400021140885,-0.045742841426171944,-0.003810506675935188,0.0,0.0,rx+rz,2.0,4.0,0.004564006350077669,0.02414083567298398,0.02253818503584945,0.005215291016078174,0.003546319827933037,0.0032053012742690665,0.006007266567491501
iris_binary,ibm_marrakesh,0,A022,outer_pairs,3,6,10,0.004668446812451433,0.0017769730485414966,0.005154575412607686,-0.02475833514657951,-0.0040295820785281045,0.0,0.0,rx+rz,6.0,10.0,0.013692019050233007,0.052768390210399696,0.049049031184596914,0.010430582032156348,0.003546319827933037,0.00743871805160557,0.013941392222668957
iris_binary,ibm_marrakesh,0,A025,left_ladder,2,4,9,0.0043866380514642886,0.0006030816274296772,0.0047693538420641585,-0.021809134144073223,-0.0039025099287552747,0.0,0.0,rx+rz,4.0,9.0,0.007031551487428135,0.03693145256344999,0.0341616974528986,0.00782293652411726,0.003546319827933037,0.0055395102211027855,0.010221379392317383
iris_binary,ibm_marrakesh,0,A037,outer_pairs,2,4,7,0.004860808027913956,0.0005573382058163495,0.005475657452482197,-0.037336152542434865,-0.004482189887619077,0.0,0.0,ry+rz,4.0,7.0,0.009128012700155338,0.03845461294169184,0.03579360811022319,0.00782293652411726,0.003546319827933037,0.005322009662937319,0.009974329395080231
iris_binary,ibm_marrakesh,0,A040,left_ladder,1,2,5,0.003937460667448802,0.0003023208088423912,0.004359999291801361,-0.06954779883093805,-0.003115631560832425,0.0033333333333332993,0.0,ry+rz,2.0,5.0,0.0035157757437140674,0.023379255483863055,0.021722229707187155,0.005215291016078174,0.003546319827933037,0.0033140515533518,0.006130791566110076
iris_binary,ibm_marrakesh,0,A042,left_ladder,3,6,13,0.0065457218888096145,0.0004155639122995505,0.007156138430595441,-0.10125124471247027,-0.005712158259256898,0.003333333333333336,0.0,ry+rz,6.0,13.0,0.010547327231142201,0.05048364964303693,0.046601165198610045,0.010430582032156348,0.003546319827933037,0.007764968888853771,0.014311967218524685
iris_binary,ibm_marrakesh,0,A045,right_ladder,2,4,9,0.003507868185226895,0.0001649492612539609,0.003927808474839795,-0.032337362481612064,-0.001446225264322624,0.0,0.0,ry+rz,4.0,9.0,0.0062695375117128305,0.033481567744605034,0.03075826603378482,0.00782293652411726,0.003546319827933037,0.0054466034216404296,0.007672868748381268
iris_binary,ibm_marrakesh,0,A047,right_ladder,4,8,17,0.004077775682535032,0.00010565933105236109,0.004675025320792119,0.00042563591228247005,-0.000443826825468933,0.0,0.0,ry+rz,8.0,17.0,0.012539075023425661,0.057136077084933956,0.05223377010609394,0.013038227540195433,0.003546319827933037,0.009804613957680043,0.01330553375685976
iris_binary,ibm_marrakesh,0,A058,left_ladder,3,6,16,0.005808042100752802,0.0010205571728886817,0.006450352178316692,-0.013973532206890312,-0.003652054622261869,0.0,0.0,rx+ry+rz,6.0,16.0,0.010547327231142201,0.06932586537206617,0.06381049159923807,0.018253518556273607,0.003546319827933037,0.011030747545656217,0.02043257843823301
iris_binary,ibm_marrakesh,0,A059,left_ladder,4,8,21,0.006441721365599532,0.003671655633090521,0.007316516823533885,-0.07375713710619447,-0.005367253338277663,0.0,0.0,rx+ry+rz,8.0,21.0,0.014063102974856268,0.08915880102799618,0.08198640147849218,0.023468809572351784,0.003546319827933037,0.014344799099008015,0.026563370004343084
iris_binary,ibm_marrakesh,0,A063,right_ladder,4,8,21,0.0042415373896802,0.002394630805300031,0.004694024874919082,-0.025723395663172426,-0.003723959787598522,0.0,0.0,rx+ry+rz,8.0,21.0,0.012539075023425661,0.0822590313903063,0.07517953864026464,0.023468809572351784,0.003546319827933037,0.014158985500083304,0.021466348716470858
iris_binary,ibm_marrakesh,2,A000,full_chain,1,3,4,0.004010759792119067,0.00019701021758827922,0.004468741296511904,-0.05108746430533897,-0.002569595209409248,0.0,0.0,ry,3.0,4.0,0.00661352769402059,0.027871648730427953,0.02584879911212239,0.006221684916740035,0.003056423921013339,0.004045699236611123,0.005911463343737306
iris_binary,ibm_marrakesh,2,A003,full_chain,4,12,13,0.009017375344993946,0.0006237437735613018,0.010065093760964254,-0.16311912643677098,-0.007330588932431992,0.0,0.0,ry,12.0,13.0,0.026454110776082364,0.08206922853392537,0.07571825454684196,0.015554212291850087,0.003056423921013339,0.012701947974166832,0.017951559583729338
iris_binary,ibm_marrakesh,2,A013,right_ladder,2,4,7,0.0032911781824906034,0.00021288446905491927,0.003656660150481553,-0.0444717907301978,-0.0020717186483801553,0.0,0.0,ry,4.0,7.0,0.006455453752908012,0.03412297248349948,0.031269705859167635,0.009332527375110054,0.003056423921013339,0.005706533248663699,0.006718767561472526
iris_binary,ibm_marrakesh,2,A015,right_ladder,4,8,13,0.004195927939608659,0.00012312508273724384,0.004769064815411484,-0.034200979356977745,-0.001330831321730036,0.0,0.0,ry,8.0,13.0,0.012910907505816022,0.05844015617107014,0.05331376441778605,0.015554212291850087,0.003056423921013339,0.010252783506568176,0.011539437192538424
iris_binary,ibm_marrakesh,2,A018,full_chain,3,9,13,0.004868908332286135,0.0019225984959667616,0.005288961480036356,-0.016584370655826335,-0.004620846600464912,0.0,0.0,rx+rz,9.0,13.0,0.019840583082061772,0.06400336859942624,0.059095102735268766,0.01244336983348007,0.003056423921013339,0.009816531728314929,0.013938194170398661
iris_binary,ibm_marrakesh,2,A020,outer_pairs,1,2,4,0.003961067967989876,0.00028540515527272667,0.004284703811265253,-0.04685479924332244,-0.00391690861555664,0.0,0.0,rx+rz,2.0,4.0,0.005046924770210915,0.025038460723348144,0.02333026632028596,0.006221684916740035,0.003056423921013339,0.0034163888061243724,0.005588843906197296
iris_binary,ibm_marrakesh,2,A022,outer_pairs,3,6,10,0.005338323632858878,0.0019657834002803744,0.005888712337606472,-0.02779434788483041,-0.004568020787630263,0.0,0.0,rx+rz,6.0,10.0,0.015140774310632746,0.0555038045781868,0.051539504359759465,0.01244336983348007,0.003056423921013339,0.007928600436854677,0.012970335857778634
iris_binary,ibm_marrakesh,2,A025,left_ladder,2,4,9,0.004817871630550196,0.0006546275736035267,0.005244516513774891,-0.02376345788298347,-0.004265993484643016,0.0,0.0,rx+rz,4.0,9.0,0.00990480748275252,0.04078543074134701,0.03780340470782177,0.009332527375110054,0.003056423921013339,0.005964052067050493,0.009545593861895362
iris_binary,ibm_marrakesh,2,A037,outer_pairs,2,4,7,0.005313427379856246,0.0006743673703847826,0.005979732579622972,-0.04028763399709493,-0.004880050989067093,0.0,0.0,ry+rz,4.0,7.0,0.01009384954042183,0.040271132650767476,0.03743488534002271,0.009332527375110054,0.003056423921013339,0.005672494621489525,0.009279589881987967
iris_binary,ibm_marrakesh,2,A040,left_ladder,1,2,5,0.004062753116768878,0.00030716756751310775,0.004498266784085413,-0.07111120265340376,-0.0032120604674831243,0.0033333333333332993,0.0,ry+rz,2.0,5.0,0.00495240374137626,0.025295609768637914,0.023514526004185486,0.006221684916740035,0.003056423921013339,0.0035621675289048567,0.005721845896150994
iris_binary,ibm_marrakesh,2,A042,left_ladder,3,6,13,0.007424463112569815,0.00046691568073335427,0.00811483894784054,-0.10997501575614277,-0.006468995062950289,0.003333333333333336,0.0,ry+rz,6.0,13.0,0.01485721122412878,0.05627525171405611,0.052092283411458044,0.01244336983348007,0.003056423921013339,0.008365936605196128,0.01336934182763973
iris_binary,ibm_marrakesh,2,A045,right_ladder,2,4,9,0.003354797596648375,0.0001449622234812902,0.003761070658011949,-0.03139766909713282,-0.00138396493180012,0.0,0.0,ry+rz,4.0,9.0,0.006455453752908012,0.03412297248349948,0.031269705859167635,0.009332527375110054,0.003056423921013339,0.005706533248663699,0.006718767561472526
iris_binary,ibm_marrakesh,2,A047,right_ladder,4,8,17,0.004041396849239832,0.00010918286519714589,0.00462966211351553,0.0003344139344551393,-0.00047604679292378066,0.0,0.0,ry+rz,8.0,17.0,0.012910907505816022,0.05844015617107014,0.05331376441778605,0.015554212291850087,0.003056423921013339,0.010252783506568176,0.011539437192538424
iris_binary,ibm_marrakesh,2,A058,left_ladder,3,6,16,0.006602743342523765,0.0011608066483002383,0.007321086192184784,-0.01577030876748664,-0.004156248576351967,0.0,0.0,rx+ry+rz,6.0,16.0,0.01485721122412878,0.07652334633880253,0.07059995355006565,0.021775897208590127,0.003056423921013339,0.011846785577473791,0.019063635618859615
iris_binary,ibm_marrakesh,2,A059,left_ladder,4,8,21,0.007396759169390432,0.004325228231309816,0.008370192878989236,-0.08204977340955166,-0.006164682543538348,0.0,0.0,rx+ry+rz,8.0,21.0,0.01980961496550504,0.09876253218642711,0.0910580556332378,0.027997582125330156,0.003056423921013339,0.015408953106378645,0.02478548151501061
iris_binary,ibm_marrakesh,2,A063,right_ladder,4,8,21,0.004408232069709095,0.0024246841393123935,0.004878865178219287,-0.02637633278872087,-0.0038143962651839836,0.0,0.0,rx+ry+rz,8.0,21.0,0.012910907505816022,0.08543761567073205,0.07799065793592952,0.027997582125330156,0.003056423921013339,0.01489391546960506,0.019131828914164938
iris_binary,ibm_marrakesh,4,A000,full_chain,1,3,4,0.005607084477541847,0.0003165420884522473,0.0062466548618089965,-0.0635699505764493,-0.0036277093497284842,0.0,0.0,ry,3.0,4.0,0.006030028605962325,0.03203292549983365,0.02986847933317293,0.0037615796336370817,0.00636788828270304,0.004328892333321428,0.009380090477549058
iris_binary,ibm_marrakesh,4,A003,full_chain,4,12,13,0.009346836750955677,0.0006394206868065695,0.010422300135727964,-0.1663672880338483,-0.007573688795659774,0.0,0.0,ry,12.0,13.0,0.0241201144238493,0.0887133218143875,0.081916617212525,0.009403949084092705,0.00636788828270304,0.013593409203724998,0.02843125621815496
iris_binary,ibm_marrakesh,4,A013,right_ladder,2,4,7,0.005309594263283775,0.0003990047230426091,0.005893213300003467,-0.06285252325786474,-0.00341584654382864,0.0,0.0,ry,4.0,7.0,0.00820286146689209,0.04135572086011709,0.03840864171242703,0.005642369450455623,0.00636788828270304,0.0058941582953801145,0.012301364216996163
iris_binary,ibm_marrakesh,4,A015,right_ladder,4,8,13,0.006109414819515255,0.00028773639097799274,0.006925491779891064,-0.04339601816501424,-0.0020825027305811095,0.0,0.0,ry,8.0,13.0,0.01640572293378418,0.06957198165858515,0.06429818338479848,0.009403949084092705,0.00636788828270304,0.010547596547573325,0.02157302653664523
iris_binary,ibm_marrakesh,4,A018,full_chain,3,9,13,0.005388891893372931,0.002112248896598616,0.005855141011692024,-0.018244382992725756,-0.005089288485558137,0.0,0.0,rx+rz,9.0,13.0,0.01809008581788698,0.06981985637620289,0.06456723791940765,0.0075231592672741635,0.00636788828270304,0.010505236913590475,0.022080867637952993
iris_binary,ibm_marrakesh,4,A020,outer_pairs,1,2,4,0.005566297299172413,0.00040414768821828937,0.006015342993838446,-0.06136224678406155,-0.005508875605991799,0.0,0.0,rx+rz,2.0,4.0,0.004357869329029842,0.028887973022745227,0.027061357403608953,0.0037615796336370817,0.00636788828270304,0.003653231238272553,0.008920788919966435
iris_binary,ibm_marrakesh,4,A022,outer_pairs,3,6,10,0.005902607580596388,0.0021546570916457885,0.006509981956929752,-0.030403644467825435,-0.005035006151940709,0.0,0.0,rx+rz,6.0,10.0,0.013073607987089526,0.06038499894493764,0.05614587213071571,0.0075231592672741635,0.00636788828270304,0.00847825362844385,0.02070296296520513
iris_binary,ibm_marrakesh,4,A025,left_ladder,2,4,9,0.005827893999627747,0.0007922987396432325,0.006341009962545591,-0.02840040328839577,-0.005157983593721864,0.0,0.0,rx+rz,4.0,9.0,0.007201514298897527,0.042543178651619024,0.03924498432775188,0.005642369450455623,0.00636788828270304,0.0065963886477343,0.013436823647961383
iris_binary,ibm_marrakesh,4,A037,outer_pairs,2,4,7,0.006393074678242787,0.0008664094130984006,0.007197323431676203,-0.047196065967602584,-0.0058670621868968835,0.0,0.0,ry+rz,4.0,7.0,0.008715738658059684,0.044636485983841435,0.04160361476716233,0.005642369450455623,0.00636788828270304,0.0060657424333582025,0.014811875942585784
iris_binary,ibm_marrakesh,4,A040,left_ladder,1,2,5,0.005692056984900204,0.0004445064929187291,0.006297466732680502,-0.09083061967577237,-0.004525973953291888,0.0033333333333332993,0.0,ry+rz,2.0,5.0,0.0036007571494487637,0.027841319356634024,0.025882042183903727,0.0037615796336370817,0.00636788828270304,0.003918554345460602,0.008233262772654237
iris_binary,ibm_marrakesh,4,A042,left_ladder,3,6,13,0.008186404849857906,0.0005125078319922531,0.008949594734585602,-0.11725728751679336,-0.007130078524600274,0.003333333333333336,0.0,ry+rz,6.0,13.0,0.010802271448346291,0.05724503794660403,0.05260792647160002,0.0075231592672741635,0.00636788828270304,0.009274222950007998,0.018640384523268532
iris_binary,ibm_marrakesh,4,A045,right_ladder,2,4,9,0.005335014486380797,0.00015894743347798717,0.005982773003774105,-0.04321277574844066,-0.0023426295503644703,0.0,0.0,ry+rz,4.0,9.0,0.00820286146689209,0.04135572086011709,0.03840864171242703,0.005642369450455623,0.00636788828270304,0.0058941582953801145,0.012301364216996163
iris_binary,ibm_marrakesh,4,A047,right_ladder,4,8,17,0.005884434409276864,0.0001230677362682942,0.006727020447679041,6.125759755522726e-05,-0.0008618639398572473,0.0,0.0,ry+rz,8.0,17.0,0.01640572293378418,0.06957198165858515,0.06429818338479848,0.009403949084092705,0.00636788828270304,0.010547596547573325,0.02157302653664523
iris_binary,ibm_marrakesh,4,A058,left_ladder,3,6,16,0.0071824860132801436,0.0012562311371487893,0.007958158745868095,-0.01706680018796458,-0.0045163473675409556,0.0,0.0,rx+ry+rz,6.0,16.0,0.010802271448346291,0.077559753283442,0.07106156174365763,0.013165528717729788,0.00636788828270304,0.012996383079568711,0.0277294902153098
iris_binary,ibm_marrakesh,4,A059,left_ladder,4,8,21,0.0075834743638617105,0.004457805343034652,0.008589955263170383,-0.08367020438541532,-0.006333719306527254,0.0,0.0,rx+ry+rz,8.0,21.0,0.014403028597795055,0.09903318435737299,0.09057571564485833,0.01692710835136687,0.00636788828270304,0.016914937425029315,0.035962752987964045
iris_binary,ibm_marrakesh,4,A063,right_ladder,4,8,21,0.00593977548836538,0.003152145947936711,0.00654774235618005,-0.03462968643039802,-0.00515465638345682,0.0,0.0,rx+ry+rz,8.0,21.0,0.01640572293378418,0.09665826877436912,0.08890303041420863,0.01692710835136687,0.00636788828270304,0.015510476720320944,0.0336918341260336
iris_binary,ibm_marrakesh,7,A000,full_chain,1,3,4,0.005660608311200528,0.0003245581880437881,0.006309213581143207,-0.06405822948542121,-0.003672037666704625,0.0,0.0,ry,3.0,4.0,0.005961328633498286,0.028633122693029495,0.026778822018268124,0.004776575145201337,0.005876608488985042,0.0037086013495227464,0.006455708401060713
iris_binary,ibm_marrakesh,7,A003,full_chain,4,12,13,0.010528729701312684,0.0007509477295256412,0.01175405164097166,-0.17862122640009415,-0.008593011698218467,0.0,0.0,ry,12.0,13.0,0.023845314533993148,0.07872136541251341,0.07291722131180614,0.011941437863003343,0.005876608488985042,0.01160828820141454,0.01964557222441007
iris_binary,ibm_marrakesh,7,A013,right_ladder,2,4,7,0.0049420473168038034,0.0003734839283004227,0.005485410389113411,-0.059853123130853725,-0.0031808215578035537,0.0,0.0,ry,4.0,7.0,0.00512973415988218,0.03395527977768528,0.031309359742287275,0.0071648627178020055,0.005876608488985042,0.005291840070796023,0.007846314304822027
iris_binary,ibm_marrakesh,7,A015,right_ladder,4,8,13,0.00571503647429717,0.0002633137883486862,0.006475010120849861,-0.041735932934938325,-0.0019339545289370486,0.0,0.0,ry,8.0,13.0,0.010259468319764362,0.05597351776883572,0.05121936389748577,0.011941437863003343,0.005876608488985042,0.009508307742699899,0.013633541483033126
iris_binary,ibm_marrakesh,7,A018,full_chain,3,9,13,0.005983842218276182,0.002290944720497923,0.006476234747672972,-0.02015393220934388,-0.005650888445198936,0.0,0.0,rx+rz,9.0,13.0,0.01788398590049486,0.06202528450601877,0.057537754880626804,0.009553150290402674,0.005876608488985042,0.008975059250783943,0.015248950949960286
iris_binary,ibm_marrakesh,7,A020,outer_pairs,1,2,4,0.005629875196793432,0.00041264574562788886,0.006077448171699759,-0.06196718452988844,-0.005590462015476545,0.0,0.0,rx+rz,2.0,4.0,0.004662490201670329,0.02612810291487365,0.02454491577206021,0.004776575145201337,0.005876608488985042,0.003166374285626882,0.00606286765057662
iris_binary,ibm_marrakesh,7,A022,outer_pairs,3,6,10,0.006458529665094292,0.002437563866010674,0.007126147180968938,-0.03330488282522263,-0.005591508072665137,0.0,0.0,rx+rz,6.0,10.0,0.013987470605010984,0.054510225171551234,0.05083603614200306,0.009553150290402674,0.005876608488985042,0.007348378059096351,0.014070428698508008
iris_binary,ibm_marrakesh,7,A025,left_ladder,2,4,9,0.006193987981359908,0.000866315945394261,0.0067238568316476425,-0.030171668086773556,-0.005517287264739564,0.0,0.0,rx+rz,4.0,9.0,0.009390599970770307,0.04044187175978504,0.037761590982872295,0.0071648627178020055,0.005876608488985042,0.005360561553825496,0.009968958251489442
iris_binary,ibm_marrakesh,7,A037,outer_pairs,2,4,7,0.0067760847142644175,0.0009117837574759111,0.00764030472674268,-0.04980674230278118,-0.006271771005284051,0.0,0.0,ry+rz,4.0,7.0,0.009324980403340656,0.04031916404321244,0.037690475957031636,0.0071648627178020055,0.005876608488985042,0.005257376172361617,0.010066648174542312
iris_binary,ibm_marrakesh,7,A040,left_ladder,1,2,5,0.0057504220996829345,0.0004587788832785383,0.00636128701275046,-0.09161265887216634,-0.004586875225404315,0.0033333333333332993,0.0,ry+rz,2.0,5.0,0.004695299985385154,0.02618945677315995,0.024580473284980538,0.004776575145201337,0.005876608488985042,0.0032179669763588215,0.006014022689050184
iris_binary,ibm_marrakesh,7,A042,left_ladder,3,6,13,0.008991087592989722,0.0005885167335498361,0.009838882483574769,-0.12510706686458795,-0.007897534443559487,0.003333333333333336,0.0,ry+rz,6.0,13.0,0.014085899956155461,0.05469428674641012,0.05094270868076405,0.009553150290402674,0.005876608488985042,0.0075031561312921685,0.0139238938139287
iris_binary,ibm_marrakesh,7,A045,right_ladder,2,4,9,0.004976755808989201,0.0001534829770806706,0.0055746256975552815,-0.0413344855488621,-0.0021797248059114197,0.0,0.0,ry+rz,4.0,9.0,0.00512973415988218,0.03395527977768528,0.031309359742287275,0.0071648627178020055,0.005876608488985042,0.005291840070796023,0.007846314304822027
iris_binary,ibm_marrakesh,7,A047,right_ladder,4,8,17,0.005494712985222176,0.00010981676994582142,0.006284417606935471,0.00011725200926652561,-0.0007801742884003815,0.0,0.0,ry+rz,8.0,17.0,0.010259468319764362,0.05597351776883572,0.05121936389748577,0.011941437863003343,0.005876608488985042,0.009508307742699899,0.013633541483033126
iris_binary,ibm_marrakesh,7,A058,left_ladder,3,6,16,0.007665662861689783,0.0013161742798956642,0.008509546215745485,-0.01848361212622503,-0.004923346223777686,0.0,0.0,rx+ry+rz,6.0,16.0,0.014085899956155461,0.07287558663905959,0.06751094997507529,0.01671801300820468,0.005876608488985042,0.010729273327968615,0.02010115519376148
iris_binary,ibm_marrakesh,7,A059,left_ladder,4,8,21,0.008372722439831733,0.004922591192765719,0.009443074709546414,-0.09041876174625507,-0.007021201905956666,0.0,0.0,rx+ry+rz,8.0,21.0,0.018781199941540615,0.09318843492323448,0.08621481477107078,0.021494588153406016,0.005876608488985042,0.013947240304327434,0.02611517788281167
iris_binary,ibm_marrakesh,7,A063,right_ladder,4,8,21,0.005551126156176363,0.002984313637321648,0.006116385600430169,-0.03278334976841609,-0.004873095565795849,0.0,0.0,rx+ry+rz,8.0,21.0,0.010259468319764362,0.08021525095903499,0.07331035228990075,0.021494588153406016,0.005876608488985042,0.013809797338268493,0.021869889989476834
